date,e0,e_end,plan_cost,adj_purchase_cost,breach_cost,uplift_cost,adj_cost,em_cost,total_cost,plan_kWh,adj_kWh,dev_kWh,over_kWh,under_kWh,em_kWh,curt_kWh
2025-02-01,1946.886563518521,1812.4099891574067,22290.392914392716,21374.437712022733,457.9776011849923,5.627069814735187e-13,457.97760118499286,0.0,21832.415313207726,42298.23589024005,40921.70074809328,1376.535142146778,8.790490554191185e-13,1376.5351421467772,0.0,3000.831068329907
2025-02-02,1812.4099891574067,1901.1982022746874,55521.01587693638,53999.62779148297,852.0422673594112,91.3482246327084,943.3904919921196,0.0,54943.018283475096,88325.64241690672,85677.80319229423,3069.8318551680445,210.99631527777788,2858.8355398902663,0.0,2963.97002708847
2025-02-03,1901.1982022746874,1597.3095059814827,56526.18337600811,54166.674531972836,1311.0357709030552,131.28134888541658,1442.3171197884717,0.0,55608.99165176131,89788.89672108367,86155.09820396453,4041.47291781913,203.83720034999857,3837.6357174691316,0.0,1818.7654204458195
2025-02-04,1597.3095059814827,1595.1218161697525,57907.24113417193,55244.87608857679,1614.3388399400892,283.15631714251765,1897.495157082607,0.0,57142.37124565939,91379.84020011316,87453.26817572475,4952.011628910627,512.7198022611093,4439.291826649518,0.0,1746.6013524382724
2025-02-05,1595.1218161697525,1442.795524592596,53613.224847737234,54448.536939393845,200.15601138465115,617.8120572129562,817.9680685976074,153.80665979166758,55420.31166778312,85338.70706943757,86556.81188052108,2229.2732516665014,1723.6890313750066,505.58422029149494,26.479583333333494,1423.9155740535025
2025-02-06,1442.795524592596,1416.3661102499998,56845.413531014274,53565.8590330923,2118.0497307956143,478.27248183462467,2596.322212630239,575.8597072336108,56738.04095295616,90153.89142323044,85070.65664599392,6570.62456223652,743.6948924999995,5826.929669736521,152.60700835555764,472.2161172222227
2025-02-07,1416.3661102499998,1649.5009896080212,22296.1317435307,20919.161951887472,729.0543775521325,40.56948173051659,769.623859282649,0.0,21688.78581117012,43074.060491831275,40641.106885161105,2565.6854297701734,66.36591155000261,2499.3195182201707,0.0,4805.74470872428
2025-02-08,1649.5009896080212,1575.1465878827173,18794.334060788908,19510.184434538678,3.04680725093931e-13,357.9251868748873,357.9251868748876,0.0,19868.109621413565,36550.647072280524,37304.439341530524,753.7922692500025,753.792269250002,4.547473508864641e-13,0.0,2214.69448812071
2025-02-09,1575.1465878827173,1346.2036642777775,53921.92090299999,53607.08765194997,444.99279900867265,287.5761734836622,732.5689724923349,251.93804142278776,54591.594665865094,85957.34166813784,85282.0055240856,2019.5258816189148,672.094868783335,1347.4310128355796,41.89370944444586,1656.1509367222254
2025-02-10,1346.2036642777775,1200.0,50867.01643269835,49090.263969728505,1107.6693631006624,219.29313161574038,1326.9624947164027,629.2944710976735,51046.52093554258,81789.5131223251,78998.71112671142,3792.433490052991,500.81574721965546,3291.617742833336,174.58154225833385,415.4808483573428
2025-02-11,1200.0,1331.7422442037032,51888.06430267713,49484.0848174159,1440.1928465054878,238.20310387486717,1678.3959503803549,2620.941343779839,53783.42211157609,82960.81128030864,79629.43391322363,4072.5322298294623,370.5774313722286,3701.9547984572337,515.7409490972183,281.3523947942391
2025-02-12,1331.7422442037032,1276.5796640925926,51446.2344452981,49976.8990278562,1296.8636900481133,562.195981327166,1859.0596713752793,1342.439193236689,53178.39789246817,82491.78959419751,79706.82391000685,4518.448872174004,866.7415939916657,3651.707278182338,280.432280383336,229.87672666666685
2025-02-13,1276.5796640925926,1469.2939947129632,47371.002521672024,46944.88007345726,724.2636625518875,511.20243844450357,1235.466100996391,2103.3866855147066,50283.73285996835,77193.84596523318,76104.29311894352,3481.299355726984,1195.8732547186537,2285.42610100833,467.23003414722507,593.1113998045291
2025-02-14,1469.2939947129632,1466.4852110277768,18182.0797975709,19070.36118871526,4.550580949095699e-13,444.14069557218113,444.1406955721816,0.0,19514.501884287438,35538.90164144032,36479.01910755143,940.1174661111132,940.1174661111124,6.821210263296962e-13,0.0,3134.6217846056225
2025-02-15,1466.4852110277768,1200.0,18111.716876370054,18252.888988480106,148.2015365464864,218.787592601512,366.98912914799837,1701.1400370591682,20321.018154687274,34710.51474746227,34776.05407450394,790.4286748194438,427.98400093055454,362.4446738888894,378.4086049166667,2744.5610299999994
2025-02-16,1200.0,1344.7627212407417,51917.75619147983,49407.27141530603,2119.335300108141,864.0929120212403,2983.4282121293813,4862.033712564889,57252.7333400003,83533.15497628943,78950.4413810159,7216.557795629092,1316.922100177784,5899.635695451308,1007.8879484999998,100.8448083333335
2025-02-17,1344.7627212407417,1200.0,51450.24777207354,46807.557041610315,2877.084312631,555.7389473993891,3432.823260030389,552.7767871829238,50793.15708882363,83325.7916436214,75517.69530292119,9519.017440468524,855.4605498841629,8663.556890584361,161.54364112777927,375.69546611111
2025-02-18,1200.0,1455.3977387222217,45800.73445993254,47998.28175469562,0.0,1098.773647381541,1098.773647381541,275.22833297833307,49372.28373505549,74400.40715915637,76783.0463054573,2382.639146300928,2382.639146300928,0.0,60.39582166666662,300.1294486111118
2025-02-19,1455.3977387222217,1200.0,45826.42727187643,47430.607918885886,42.96274708999997,845.0530705947266,888.0158176847266,4682.992358987339,53001.61609555795,74329.22928577161,76360.35151229872,2369.6038154160115,2200.363020971567,169.24079444444442,1086.247862575,354.22086878257244
2025-02-20,1200.0,1505.176796277778,47598.924691338296,46458.04854082446,848.8910510536441,278.4529757967223,1127.3440268503664,2711.296163155662,50296.68873083049,77846.35342705075,75594.0573907074,3243.67572745446,495.68984555555573,2747.9858818989037,570.3314004333367,506.67610903291984
2025-02-21,1505.176796277778,1456.3203469999983,17029.420504958325,17702.096858029177,8.86578882689079e-13,336.33817653542746,336.3381765354284,1013.8714647312524,19052.306499295857,33331.80954705761,33949.89859989927,618.0890528416699,618.0890528416685,1.4430579235393773e-12,176.91164583333378,5261.994898333331
2025-02-22,1456.3203469999983,1240.6304438518537,17244.756291172867,17800.764225778305,28.85460067369469,306.8585679764116,335.7131686501063,1172.2073817333305,19308.68477616174,33447.24706648148,33980.768637408706,691.1110909272238,612.3163309272232,78.79476000000052,203.50961666666618,3232.5023955555525
2025-02-23,1240.6304438518537,1293.1807219814773,47294.813549709856,47030.04168293662,836.5769708870416,704.1910375004263,1540.768008387468,1018.6084800953274,49589.41817141941,77248.67053475349,76031.33764798964,3650.3633961305377,1216.5152546833463,2433.8481414471917,214.63453207499992,320.2012655555553
2025-02-24,1293.1807219814773,1281.7990650925935,45905.523942877175,45516.64182739686,603.350395641008,408.9093379008529,1012.2597335418609,226.18268775222293,46755.084248690946,74068.20754809672,73416.64257813233,2391.7772889725265,870.1061595040737,1521.671129468453,49.99397555555572,1151.6497649999978
2025-02-25,1281.7990650925935,1331.9579643425936,46900.11185877069,43725.89992641918,2018.5188825581224,431.41291638237095,2449.9317989404935,1195.2871713645823,47371.118896724256,76551.04829892318,71167.70215696965,6722.718786853515,669.686322449994,6053.032464403521,255.11898259166645,1393.135284722222
2025-02-26,1331.9579643425936,1330.115229620369,41997.51811695493,44612.012168543486,0.0,1307.2470257942737,1307.2470257942737,3154.66833582363,49073.927530161396,69033.6361624074,72708.24336439496,3674.6072019875546,3674.6072019875546,0.0,644.9044887888905,274.73704713991617
2025-02-27,1330.115229620369,1571.9684192500006,43159.52074103692,44077.31874132196,215.77512435972267,674.6741245022376,890.4492488619603,3080.1928739607465,48047.96086414466,70540.17062084019,71322.1725170251,2362.094640629361,1572.0482684071367,790.0463722222246,617.8586021777751,346.2200111316897
2025-02-28,1571.9684192500006,1396.1567851018524,16727.262886185934,16870.93089008842,88.44962353295895,160.2836254842042,248.73324901716316,1376.1707936853709,18495.834932790956,32446.595804650206,32595.44587213354,522.7702368934895,335.81015218841145,186.9600847050781,285.4346130916658,6549.7939400000005
2025-03-01,1396.1567851018524,1269.951427435186,18238.450412355065,17927.55862071191,296.33233186416766,140.88643604259,437.21876790675765,325.366651595438,18690.144040214105,35627.14457050411,34924.1905002541,1176.304028083333,236.67497891666414,939.6290491666688,55.56437833333685,8306.281292973244
2025-03-02,1269.951427435186,1230.151478638889,49329.2581616306,48438.017995750575,961.4843631387989,515.8642801987878,1477.3486433375867,248.52735027693763,50163.8939893651,80014.42737321858,78119.36713537722,4068.1335432080255,1086.5366526833352,2981.5968905246905,42.700958408337684,1500.0750631172814
2025-03-03,1230.151478638889,1218.3178876666664,50509.59169838924,47654.05753267192,1920.5457842173964,492.77870135873457,2413.324485576131,301.12391828337115,50368.50593653143,81834.56829290123,77064.51957620308,6813.460108487034,1021.705695894446,5791.754412592587,117.49945982499995,685.0687936934179
2025-03-04,1218.3178876666664,1266.3101194074086,44188.19113600455,45627.23909847844,3.852539580000059,723.3765208169443,727.2290603969444,2.926250933333824,46357.39440980872,72057.38887871057,73675.66469585426,1640.6126171436892,1629.444217143689,11.16840000000017,0.6247333333334382,207.48961444444421
2025-03-05,1266.3101194074086,1333.1372353148151,45856.935466245544,43555.77906773992,1727.7609110576013,577.1827118047861,2304.943622862387,147.87471222453473,46008.59740282684,75098.19800852479,70735.13126789474,6140.966811110915,888.9500352404353,5252.016775870479,23.43548057500027,412.60898162551285
2025-03-06,1333.1372353148151,1585.415808277779,42225.20097323692,43123.201624505906,94.88840697222236,543.8887326067139,638.7771395789363,867.9863818460797,44629.96514593092,69595.25005408436,70383.67015145297,1574.0123362575107,1181.2162168130658,392.79611944444497,183.1818841638887,61.229421666667236
2025-03-07,1585.415808277779,1520.3002066574077,17036.274305268584,16489.40560533837,414.24341396308387,140.8090639979768,555.0524779610607,0.0,17044.45808329943,32592.046501467765,31825.25611940943,1236.805835719446,235.00772683055598,1001.7981088888898,0.0,7977.88798439986
2025-03-08,1520.3002066574077,1376.4061263148164,15856.986149801629,16013.754680459215,1.3797025594594856,79.7639678882526,81.14367044771208,0.0,16094.898350906928,30804.84405466049,30939.155532510493,139.90751337812748,137.10949561406437,2.7980177640631227,0.0,8990.771942695472
2025-03-09,1376.4061263148164,1414.2512960740742,44199.49004761259,41293.20388319997,1608.018401808756,154.87531960243973,1762.8937214111957,1452.3160834728048,44508.413688083965,73102.67562461106,67527.02822882129,6059.698548984224,242.0255765972202,5817.672972387003,295.0673178027778,221.9702102229103
2025-03-10,1414.2512960740742,1264.8565012499998,42068.04514668629,43478.047303344545,4.25240681277785,709.2534851419094,713.5058919546873,3191.3404721849997,47382.89366748423,70072.77613288724,71694.4460111966,1658.9969949760361,1640.3334366427025,18.66355833333364,704.7670362194442,325.67102828189115
2025-03-11,1264.8565012499998,1646.325177088304,37705.18022921172,41788.41536243916,0.0,2041.6175666137215,2041.6175666137215,2341.824587833339,46171.85751688622,61739.48829814815,68671.64426995703,6932.155971808892,6932.155971808892,0.0,458.49469916666794,602.6434079561059
2025-03-12,1646.325177088304,1200.0,42849.934083229484,40318.61045178464,1507.0603271817045,241.398511459284,1748.4588386409885,2633.9846569057627,44701.05394733139,70657.3579195595,65730.4287771295,5676.555759802177,374.813308686102,5301.742451116075,509.1909496500023,152.0995441666671
2025-03-13,1200.0,1442.3798433796296,43163.489696635676,43935.61063886329,163.76992986101138,549.8304009748186,713.60033083583,940.7507125147257,45589.96168221384,71520.11307683127,72528.16125572257,2097.186660942061,1552.617419916678,544.5692410253828,142.55624264999886,661.4742827366262
2025-03-14,1442.3798433796296,1624.8607710833335,15248.636377084771,15779.817051802886,3.3825623783438154e-14,265.5903373590568,265.59033735905683,0.0,16045.407389161943,29871.689487726333,30404.42416828189,532.734680555558,532.7346805555578,1.5158245029548803e-13,0.0,11208.299234615915
2025-03-15,1624.8607710833335,1200.0,14683.869087700758,15161.198725198181,0.0,238.66481874871212,238.66481874871212,2829.9983083258126,18229.861852272705,28893.876919403287,29432.24840740329,538.3714880000024,538.3714880000024,0.0,714.5872564749977,6745.446830606995
2025-03-16,1200.0,1602.3233971759262,41932.69442490366,42063.06625835231,271.88409816519413,337.0700148895169,608.9541130547111,343.3995338251673,43015.41990523219,69058.53024469136,69446.67133381742,1849.3048966294919,1118.7229928777797,730.5819037517122,67.96869433333347,1528.4819959602185
2025-03-17,1602.3233971759262,1538.682441509259,38276.47533134559,37919.1939215999,1199.3410301842432,1020.7003253114012,2220.0413554956444,595.1841866789945,40734.41946377454,64245.208595984215,61976.52747226368,7853.198692863822,2792.2587845716434,5060.939908292178,115.84666404999894,189.91292361111232
2025-03-18,1538.682441509259,1568.3069071851855,44370.18033775477,40030.715124007955,2286.7341997464478,117.0015928730448,2403.7357926194927,1014.6593737569423,43449.110290384386,72937.6205614506,66093.42386406825,7207.527472549029,181.66538758333172,7025.862084965698,209.81083947222183,993.2312085631102
2025-03-19,1568.3069071851855,1556.4161650740718,35923.024245095905,39288.98110371753,0.0,1682.9784293108155,1682.9784293108155,1228.7726222124681,42200.73215524082,58800.802560229764,64592.53947975912,5791.736919529359,5791.736919529359,0.0,253.80743401111366,1266.7062010973966
2025-03-20,1556.4161650740718,1513.4066365277777,40633.78491712999,40507.85191039499,876.2310027038634,813.264499336361,1689.4955020402244,5020.456148814233,47217.80356124944,67140.71457999999,65271.44646093158,4972.083973153802,1551.4079270426937,3420.6760461111085,934.9180099500005,84.47881722222223
2025-03-21,1513.4066365277777,1432.8963704722219,14597.484547867421,14728.681995954295,94.7220142627091,160.32073830614667,255.04275256885575,1667.1885417109056,16650.913290234057,28526.092239845675,28682.65676518734,599.0922503416679,377.8283878416663,221.2638625000015,368.8513275000024,14297.442753333331
2025-03-22,1432.8963704722219,1424.2099023888866,15267.271676871349,15052.021508237442,145.8033499453755,38.17826562842219,183.98161557379768,0.0,15236.003123811239,29550.366009537032,29284.360870245368,390.91358237500344,62.45422154166931,328.45936083333413,0.0,10590.696888559667
2025-03-23,1424.2099023888866,1269.3835806018517,41785.52091763113,38774.95743939448,1665.545127961153,160.2633888428245,1825.8085168039775,213.46181499997908,40814.227771198435,68997.7371015775,64394.915394126205,5100.4954558957525,248.8368742222258,4851.658581673526,42.64905483611373,1790.6641991460904
2025-03-24,1269.3835806018517,1361.058115885804,39022.18129543845,37791.03474166077,940.2933083864298,324.7200314975844,1265.0133398840142,3150.276675916669,42206.32475746145,65196.38990853909,62485.81331982167,4209.580945727021,749.5021785048004,3460.07876722222,626.4702758333337,855.8867610048039
2025-03-25,1361.058115885804,1264.02502125,43664.48280137619,39305.83881476347,2568.9490468975464,389.62705359118627,2958.5761004887327,2651.0511476084885,44915.46606286069,72272.06198873799,64431.28516350548,9050.936453499173,605.0798141333362,8445.856639365837,573.7809220416646,91.602806666667
2025-03-26,1264.02502125,1360.3067689629625,37797.38396907973,36276.022079992304,1012.6849157480326,252.00397120431882,1264.6888869523514,259.93404374749923,37800.645010692155,62260.53315222564,59908.59079261553,3669.4651521045566,658.7613962472213,3010.7037558573356,52.35383499999985,160.22934939300933
2025-03-27,1360.3067689629625,1477.9651462499999,39830.241729463916,38012.56127438888,1277.0110458898557,368.1708183523361,1645.1818642421918,2084.250736404255,41741.993875035325,66121.91885005143,62756.87103430915,4508.346684936718,571.6494345972146,3936.697250339503,458.0712470166652,322.16077527777793
2025-03-28,1477.9651462499999,1557.5602716851856,14641.206926698283,14621.290638936778,35.895143826213214,25.9369999454596,61.83214377167282,0.0,14683.122782708451,28946.37967705418,28921.734555013718,126.60630704046693,50.98059250000225,75.62571454046468,0.0,15146.7864416118
2025-03-29,1557.5602716851856,1289.7957486388887,13842.862472966724,14471.595362662472,3.554608459429195e-13,314.3664448478736,314.36644484787394,118.18814766916584,14904.149955179511,27700.868932674894,28340.346867674893,639.4779349999989,639.4779349999983,5.305385760342081e-13,21.072192499999876,18177.38364906721
2025-03-30,1289.7957486388887,1386.1995557037035,38870.984562741345,36355.871938169315,1983.3021292215963,725.745816935583,2709.0479461571795,1127.8904443371828,40192.81032866367,65378.370701728396,59299.47539509414,8295.73813521759,1108.4214142916662,7187.3167209259245,218.82585197222255,128.9612527777782
2025-03-31,1386.1995557037035,1594.7356882685224,34276.74473717493,37280.62792791911,4.0760520884456733e-13,1501.941595372089,1501.9415953720895,0.0,38782.5695232912,56341.47488858024,61240.14908301213,4898.674194431896,4898.674194431895,6.063298011819521e-13,0.0,123.86738527777754
2025-04-01,1594.7356882685224,1350.8976368981484,40484.244836863596,38363.31189577385,1299.48410318281,239.01763263793595,1538.501735820746,847.3442132583225,40749.15784485292,68666.30475977366,64491.44854497287,5080.419111961899,452.78144858055794,4627.637663381342,125.3317510194461,721.7619475000024
2025-04-02,1350.8976368981484,1311.0208020185182,38976.82502274697,39005.03271651278,288.5847205009588,302.6885673838648,591.2732878848235,1275.4905668800013,40871.7965712776,65558.70168742797,65021.8475417273,1991.6578015969822,727.4018279481513,1264.2559736488308,182.8398175000002,834.0091447788154
2025-04-03,1311.0208020185182,1422.0700672500002,40247.91174869675,36358.41618012749,1996.2039724318756,51.45618814724629,2047.660160579122,898.1527782542923,39304.2291189609,66569.14163480452,60476.03197046375,6252.899084874107,79.89471026666607,6173.004374607442,207.14343346666604,603.7456373834
2025-04-04,1422.0700672500002,1430.8838880462959,13511.990064773854,13614.160297375078,0.2248377075000515,51.309954008111454,51.534791715611505,360.41529306051706,14026.110382151206,27227.498005408095,27333.851020408096,107.40871500000074,106.88086500000057,0.5278500000001713,92.94413022222002,18248.739661944448
2025-04-05,1430.8838880462959,1200.0,13098.237608785057,13709.32104545697,3.764123827446989e-14,305.54171833595615,305.5417183359562,1584.797110494002,15599.65987428693,26473.885066155693,27133.645570205692,659.760504050001,659.7605040500009,1.6105635343895603e-13,342.2247891833329,13056.944075833331
2025-04-06,1200.0,1280.8492247685188,37126.339320770196,35710.65798205664,1104.6464236761647,396.8057543193867,1501.4521779955514,328.4612194333488,37540.57137948554,63212.38437574073,59468.44865754801,5623.415402712628,939.739842259955,4683.675560452672,55.11741304722426,1001.3034253909474
2025-04-07,1280.8492247685188,1302.0202099351848,33087.56057201377,34520.17140117776,0.0,716.3054145819942,716.3054145819942,0.0,35236.47681575975,55606.146374293545,57698.51980107921,2092.373426785656,2092.373426785656,0.0,0.0,449.244332246225
2025-04-08,1302.0202099351848,1200.0,38289.24986861043,35431.955680958024,1694.4808299303427,265.8337361041409,1960.3145660344835,1364.4144186931287,38756.684665685636,64124.927117870364,58742.354545165006,6239.510300772017,428.46886403333383,5811.041436738684,255.40034494999787,672.2802674485582
2025-04-09,1200.0,1281.1214803981482,37227.26089309141,37994.68702013759,45.963590534993436,429.67665405808884,475.6402445930823,1061.1170456033271,39531.444310334,62598.099610709876,63975.539677295434,1620.1634587186236,1498.801762652094,121.36169606652932,203.39594499999922,843.3542432439606
2025-04-10,1281.1214803981482,1604.18593025,36728.117502487316,35879.06525079966,960.6208186306753,536.0946927868431,1496.7155114175184,1192.6499859662838,38568.43074818346,60769.21733447531,59760.144257840875,4158.94322130109,1574.9350723333305,2584.0081489677596,209.60341654722583,1115.3408493449936
2025-04-11,1604.18593025,1328.3543825555553,12451.161857330426,13210.336418558501,3.321702024550177e-13,379.58728061403804,379.5872806140384,1543.934949697706,15133.858648870246,25464.956368868312,26298.48970805998,833.5333391916662,833.5333391916656,5.305385760342081e-13,345.5470824333352,19053.036106666666
2025-04-12,1328.3543825555553,1280.757870370371,13571.94757365886,13286.362141918522,241.0588743122922,98.2661584421242,339.3250327544164,0.0,13625.687174672938,27002.094894108362,26665.561977175035,734.734349177782,199.10071612222555,535.6336330555564,0.0,15134.747774430727
2025-04-13,1280.757870370371,1435.0275755740745,34619.33690382517,35149.236933200424,163.10146536144484,428.05148004907113,591.1529454105159,211.80621030651184,35952.19608891745,58316.88895850822,58720.78060816567,1810.8800124969475,1107.3858310771925,703.4941814197548,45.701095588890226,390.5288764231784
2025-04-14,1435.0275755740745,1358.0348815370367,37343.633528190825,34017.70796071392,2301.2992435211036,638.3364597826484,2939.635703303752,854.2018641354719,37811.54552815315,62128.44901911522,56196.39622120689,7887.553184313871,977.7501932027714,6909.802991111099,122.4486617166674,127.26621416666683
2025-04-15,1358.0348815370367,1352.7870736944444,31612.65156965138,33107.061900944995,81.88237981462505,829.0875454614317,910.9699252760568,1590.3491514107345,35608.38097763179,53207.05179820644,54771.6091022903,2360.8848490838486,1962.7210765838486,398.16377250000016,243.35351387499787,1120.8011629766888
2025-04-16,1352.7870736944444,1200.0,34838.50768809132,35287.84715537159,238.0296335474739,462.69936718760766,700.7290007350816,968.4457017219214,36957.02185782859,59643.072133069276,59696.98862517489,2120.8727540877917,1087.394623096708,1033.4781309910836,245.45914090000315,463.0671668278543
2025-04-17,1200.0,1620.342970731481,32625.71011464162,34370.15286301465,0.0,872.2213741865124,872.2213741865124,2590.7206966218446,37833.094933823006,53737.94659640946,57126.3793546783,3388.432758268826,3388.432758268826,0.0,417.50062026389094,445.29468956790544
2025-04-18,1620.342970731481,1587.0402500555556,12389.831624401424,12639.271805289263,25.80355764976509,150.52364809368487,176.32720574344995,252.6155194304924,13068.214530463207,25399.42542785665,25706.605194339983,413.6542825555566,360.41702451944377,53.237258036112806,55.66169211758203,16897.918387181067
2025-04-19,1587.0402500555556,1275.018109324074,12006.764525129234,12545.924791730373,1.1586962500587104e-13,269.5801333005695,269.5801333005696,396.46172083719784,13211.96664586814,25161.70359775034,25733.23840719479,571.5348094444446,571.5348094444444,2.2737367544323206e-13,114.58067040000302,16832.984718967764
2025-04-20,1275.018109324074,1492.317955688274,33041.054974795494,34138.361118819084,0.5056468800000113,549.158718891791,549.6643657717909,0.0,34688.02548459088,55400.591267328535,57206.22889201646,1810.2012246879324,1807.9194246879324,2.281800000000051,0.0,1011.9148542592645
2025-04-21,1492.317955688274,1250.0701042499995,34628.634476732,32091.661917402576,1374.2486581126202,105.76237844790779,1480.011036560528,1442.7193198281755,35014.39227379128,58549.68690821674,53781.77431427414,5096.341686242593,164.21454615000044,4932.1271400925925,301.3907765472202,2200.2345859499346
2025-04-22,1250.0701042499995,1200.0,31288.00434146722,33165.72517712206,0.0,938.8604178274195,938.8604178274195,895.020927648789,34999.60652259827,53085.08059083333,55852.08186985195,2767.001279018625,2767.001279018625,0.0,186.52217284722468,136.84718583333358
2025-04-23,1200.0,1321.1642466481485,30199.22112862421,32986.72646336959,0.0,1393.7526673726925,1393.7526673726925,762.6438965672438,35143.12302730952,50791.46941915295,55508.821834584975,4717.352415432034,4717.352415432034,0.0,134.4789991111099,474.36780294238963
2025-04-24,1321.1642466481485,1593.0697262222227,30808.19615253067,31760.45451796514,1.2525765546992643e-14,476.1291827172353,476.1291827172353,2142.2752072874437,34378.85890796982,51890.614027040465,52962.03175620713,1071.4177291666656,1071.4177291666656,4.4763337801490406e-14,316.37588925833654,2215.1565621262025
2025-04-25,1593.0697262222227,1366.309869351852,12010.670487143332,11601.608857798004,248.47010238738912,43.93928771472539,292.4093901021145,1943.7123514670143,13837.730599367134,24575.68264737311,24143.015469098114,616.010078391664,91.67145005833017,524.3386283333339,419.26235634444294,20352.89563755833
2025-04-26,1366.309869351852,1200.0,11900.332943805488,12089.748862230605,24.04109902350092,118.74905823605872,142.79015725955963,1673.2836177205627,13905.822637210727,24485.59506755487,24702.948550940975,319.9726233861143,268.6630533861124,51.30957000000194,427.9744107666657,22811.958426666668
2025-04-27,1200.0,1373.5827624629624,30616.29429523032,32895.58444367521,0.0,1139.6450742224436,1139.6450742224436,571.7962902613359,34607.025808158985,51005.151454365565,53825.27692632687,2820.1254719613135,2820.1254719613135,0.0,81.96621133333372,1547.1791372222206
2025-04-28,1373.5827624629624,1343.8740470000002,35988.35007771496,36402.138833118996,526.5432496377655,733.4376273397801,1259.9808769775454,791.3608253777061,38453.48053547425,61451.97067162552,62173.948326069956,4740.824659115225,2731.401156779836,2009.4235023353885,140.8448772916666,1891.4150066872403
2025-04-29,1343.8740470000002,1422.549389935186,31040.851906357675,31858.338994524005,122.04157699962518,530.7851210827889,652.826698082414,1731.816939199989,34242.98263180641,51977.92129787037,52609.96001782578,1818.9249538443091,1225.4818368998642,593.4431169444447,248.25357499999842,1850.8350332681803
2025-04-30,1422.549389935186,1200.0,29770.705842598618,31036.031712179993,47.27328768166897,679.9362224723562,727.2095101540252,2825.4327437308357,34588.67396606485,48797.52429314814,51172.5738363267,2526.055876511903,2450.552709845233,75.50316666667034,516.476585555556,367.0921110973921
2025-05-01,1200.0,1425.8113320000002,31099.685885720697,33349.112113028255,30.56307291125039,1155.2761865650305,1185.8392594762809,13275.34469622319,47810.29606872773,51549.52921429355,53943.798300231065,2691.502958159746,2542.886022048633,148.616936111113,2578.2222697222214,1762.593412030175
2025-05-02,1425.8113320000002,1267.81905,12948.618523328118,13461.615816661544,49.34807964046043,305.84672630717546,355.19480594763587,9966.354529348157,23783.165151957335,26108.56173782579,26595.839490656334,696.2371011638961,591.7574269972212,104.47967416667495,1986.6213774999987,11891.23940416666
2025-05-03,1267.81905,1200.0,12864.629448458549,13069.488643699187,3.534675367215338e-13,102.42959762031994,102.4295976203203,8736.994868060188,21908.913109379697,26128.218092791492,26337.66595195816,209.44785916666825,209.44785916666766,6.063298011819521e-13,1684.148436466665,16710.38653854252
2025-05-04,1200.0,1210.70865,34043.233286860006,33164.85621004978,1011.1133162042555,571.924777799142,1583.0380940033974,8353.621570147605,43101.51587420078,57084.75120958162,54522.62708553334,4305.715389559404,871.7956327555604,3433.9197568038435,1557.0041683888878,880.119176059679
2025-05-05,1210.70865,1214.3042175,36110.261537873026,35694.53701401571,438.4325415891168,230.57027966045877,669.0028212495756,4407.890101155203,40771.429936420485,59247.72097416666,58688.17947366975,1266.3492066635868,353.4038530833339,912.9453535802528,791.5133792416647,553.4097866255121
2025-05-06,1214.3042175,1286.3061991944446,32126.030537115163,35265.930098053825,0.0,1569.949780469331,1569.949780469331,4255.524372255314,41091.40425077847,52138.707456532924,56690.86281494444,4552.155358411518,4552.155358411518,0.0,903.0947630249993,1131.754644790808
2025-05-07,1286.3061991944446,1428.526394138888,34839.392580677435,37334.977103216064,0.0,1247.7922612693105,1247.7922612693105,487.4412782751909,39070.21064276056,55760.13491086762,60300.152921189845,4540.018010322219,4540.018010322219,0.0,69.8740364499987,1478.067030120023
2025-05-08,1428.526394138888,1574.9709677870367,36909.58956887107,36538.426273393256,563.8212447501191,378.23959701120907,942.0608417613282,948.614081713536,38429.10119686813,62035.01974351166,60426.0306978155,3240.3414036454033,815.676178974624,2424.665224670779,137.11524040833376,887.0692677366239
2025-05-09,1574.9709677870367,1564.5335989444445,12860.42193842917,13845.511215906772,7.309965578333857,499.85460431713426,507.1645698954681,3752.8897981129016,18105.56558391514,25826.579561714672,26837.637119503564,1044.3186911222263,1027.6881244555586,16.63056666666762,636.3463512083314,16511.14809947531
2025-05-10,1564.5335989444445,1218.247532212963,13266.572139794696,13755.515652150112,2.6079760573338716e-14,244.4717561777074,244.47175617770742,2708.492371852668,16708.47978018049,26255.093994391285,26774.39399591906,519.3000015277768,519.3000015277767,1.1368683772161603e-13,653.9018505000001,13190.094345493824
2025-05-11,1218.247532212963,1529.9457035092585,36087.67597597337,36428.40112241419,252.35067403774133,422.7132472581534,675.0639212958947,1580.432024578329,38683.89706828841,60318.488762321664,60155.725502846355,2084.640531594653,960.9386360596711,1123.7018955349818,227.97414916666605,954.9786217969832
2025-05-12,1529.9457035092585,1974.530869351853,32355.39869243844,35335.54383236046,20.588209684389,1510.6607796454018,1531.248989329791,0.0,36866.79282169026,52244.30985372084,57111.07771433587,5066.993580861939,4966.8807207384825,100.11286012345734,0.0,1430.874667030181
2025-05-13,1974.530869351853,1780.1563680648144,36600.55551972585,35609.15446198272,1063.9694622888924,568.2689334173302,1632.2383957062225,0.0,37241.392857688945,61476.626955164604,58450.1044915451,5675.7948958592215,1324.6362161198554,4351.158679739367,0.0,2017.3165870644764
2025-05-14,1780.1563680648144,1469.7808088209886,36094.87403478669,35466.32014498985,882.6044373073665,568.3274924089457,1450.9319297163122,0.0,36917.252074706164,58611.7922384122,58227.83429468231,5108.172195735121,2362.107126002613,2746.065069732508,0.0,1927.6027828360802
2025-05-15,1469.7808088209886,1905.797483614198,36050.662639637434,35790.29366498555,721.086334307404,590.9018469814616,1311.9881812888657,0.0,37102.28184627441,57443.82042970165,58268.85879640261,4231.995904204396,2528.517135452676,1703.47876875172,0.0,1389.0779630521242
2025-05-16,1905.797483614198,1417.6804777777747,13941.034939784979,13547.226381249719,294.4632416030556,97.5589623354248,392.0222039384804,0.0,13939.2485851882,26205.16263270576,25857.42931428909,804.6312482500003,228.44896491666674,576.1822833333335,0.0,21339.28481160837
2025-05-17,1417.6804777777747,1261.6322378425928,13839.86392641863,14103.735592495934,55.72928647694465,187.66511951559647,243.39440599254112,1952.6463284766744,16299.77632696515,26467.491099602194,26712.487268479978,493.8997855444512,369.4479772111173,124.45180833333393,332.65841277777497,14406.211696008337
2025-05-18,1261.6322378425928,1490.4441256666637,37188.51630599784,35504.89749802965,875.0079568852068,33.198552901110986,908.2065097863178,35.318698333333415,36448.42270614931,62427.36976192729,59042.45899888545,3498.495096375177,56.79216666666648,3441.7029297085105,5.236666666666679,1480.4692507578895
2025-05-19,1490.4441256666637,1520.0211576296306,33541.36357452646,33889.24004347519,181.25228604084123,355.19052051520794,536.4428065560492,547.6430841815247,34973.325934212764,55594.60880089506,55570.80616398148,1673.4672030246916,824.832283055555,848.6349199691367,80.72740192777974,4631.973228113857
2025-05-20,1520.0211576296306,1393.2965718796302,33416.38106841687,35242.67252564422,0.0,913.1457286136741,913.1457286136741,1890.2229558108472,38046.04121006874,55025.71171960905,58394.49100802333,3368.7792884142837,3368.7792884142837,0.0,273.71546875000195,700.1647315432089
2025-05-21,1393.2965718796302,1314.929016083331,31861.453279810117,35311.05136747124,72.824569779375,1797.623613609937,1870.448183389312,0.0,37181.49955086056,51055.481452808635,56376.22772293786,6028.984245129218,5674.865257629217,354.1189875,0.0,1918.8289360802419
2025-05-22,1314.929016083331,2086.167299331733,33978.26353180973,34447.11588141917,36.39019555861145,270.8163703633342,307.20656592194564,0.0,34754.32244734112,54749.53302142319,55943.171794293565,1309.6528201954657,1251.6457965329137,58.007023662552,0.0,784.7509079629664
2025-05-23,2086.167299331733,2000.1553538888916,13211.65818941397,14224.896319914675,3.415910517408823e-14,506.6190652503519,506.619065250352,154.08967268295874,14885.605057847984,25583.152533887234,26640.56215324835,1057.4096193611108,1057.4096193611106,1.5158245029548803e-13,36.42308416666675,18042.236025833332
2025-05-24,2000.1553538888916,1616.6199263611118,13706.594515746205,13460.856992291676,203.8664844194425,80.99772269217829,284.8642071116208,396.4122864741668,14142.133485877464,25951.179438323044,25750.389122206376,575.432150549997,187.32091721666683,388.1112333333302,91.39390583333338,20244.303432160494
2025-05-25,1616.6199263611118,1661.8390321481452,33697.82859097795,34138.78784317022,225.28489434658326,445.76452044271815,671.0494147893014,0.0,34809.837257959516,55754.30849990739,55831.34975118488,2173.557684610808,1125.2994679441413,1048.2582166666664,0.0,3874.598208871742
2025-05-26,1661.8390321481452,1796.8296028518523,33221.28515156144,36518.522453941856,9.266235186563183e-14,1648.6186511902067,1648.6186511902067,0.0,38167.14110513206,53627.94568030865,59925.850572046475,6297.904891737824,6297.904891737824,1.5158245029548803e-13,0.0,1715.629333989021
2025-05-27,1796.8296028518523,1418.453833398148,31277.838498847523,34093.2239307503,0.0,1407.692715951388,1407.692715951388,1855.1040588081883,37356.02070550987,49880.14065752057,55118.05416983168,5237.913512311114,5237.913512311114,0.0,325.9894627777767,3231.0405597976705
2025-05-28,1418.453833398148,1594.9011057870396,35036.65637881326,34912.64006704956,485.1162365927364,423.1080807108856,908.224317303622,0.0,35820.86438435318,58465.3968573491,57412.73302734157,3338.9754538813577,1143.1558119369126,2195.819641944445,0.0,1440.0258222428051
2025-05-29,1594.9011057870396,1877.4206632129635,34606.8310244065,36825.295428348116,376.38891768825005,1485.621119659058,1862.010037347308,640.869985972335,39328.17545166776,57287.001720269946,60711.57881943973,6856.738049169788,5140.657574169787,1716.080475,92.51529606111455,2659.5101176577546
2025-05-30,1877.4206632129635,2282.1101004444454,13915.127961268285,14203.542513518008,6.586636421464693e-14,144.20727612486263,144.2072761248627,91.8318319736598,14439.58162161653,26416.992180826466,26711.681004620914,294.68882379444415,294.6888237944439,2.2737367544323206e-13,22.696943147221894,17375.698235178326
2025-05-31,2282.1101004444454,1652.9607829999968,14918.908488486246,13854.69698060902,532.1057539386128,8.531808092855649e-14,532.1057539386129,0.0,14386.802734547633,27812.16242389575,26661.16962139574,1150.9928025000036,3.8680498583295195e-13,1150.992802500003,0.0,16499.571921786697
2025-06-01,1652.9607829999968,1200.0,44198.700725009825,45080.43501880591,2000.8803425689464,2441.7474894669867,4442.627832035933,15084.026015783533,64607.088866625374,73128.16260645748,72253.14982527817,10108.548720624567,4616.767969722641,5491.780750901926,3187.0963445833318,910.2584636111117
2025-06-02,1200.0,1200.0,47552.6456544074,44493.073588857806,2504.7664324978523,974.9803997230541,3479.7468322209065,9131.826616111264,57104.64703718998,77384.76677198216,71013.95856374958,9274.024487121465,1451.608139444442,7822.416347677024,2038.5808441666688,228.50807029835573
2025-06-03,1200.0,1200.0,44670.1370332911,45108.43411170679,813.3011383449501,1032.4496775527944,1845.7508158977444,6131.277030392503,53085.46195799703,72923.4558526646,72145.92307542777,5725.110079313239,2473.788651038206,3251.321428275033,1271.18283649167,1362.5640921056206
2025-06-04,1200.0,1200.0,53611.51451397441,46231.93043408522,3712.5813202423733,22.789280297778756,3735.370600540152,1370.613474458964,51337.91450908434,85811.9249479904,74914.21986087308,10966.862652450649,34.57878266666815,10932.28386978398,367.5273309555546,1547.5682921707821
2025-06-05,1200.0,1701.2645148333347,46998.43187294557,47894.412850159,520.9833541103322,968.9738427170519,1489.957196827384,841.652864755,50226.022911741384,76914.99254640134,77162.0068648951,4464.470424604865,2355.742371549314,2108.728053055551,124.73104166666667,1504.5065056104324
2025-06-06,1701.2645148333347,1286.757375,16134.629324821286,18976.668953053126,342.3499541297223,1763.3697682456423,2105.7197223753647,14301.134615069588,35383.52329049808,29660.646249948553,32140.583357470772,3993.706474188885,3236.8217908555516,756.8846833333333,2941.030576666668,2195.9568887345704
2025-06-07,1286.757375,1200.0,18650.53998271903,19507.99806081895,191.20515095651436,619.9341900064738,811.1393409629882,10332.514902000665,30651.652303782605,35852.26434693416,36166.27106648138,1883.8790189916672,1098.9428692694441,784.9361497222228,2074.8034534916665,4580.390480462967
2025-06-08,1200.0,1704.2241445432085,45931.20575363882,44818.393069646576,1428.3879404962918,871.9815985001703,2300.3695389964623,529.163294851667,47647.9259034947,75001.03061896225,71992.3401152901,7962.301839869659,2476.8056680987656,5485.496171770892,78.5289733333334,2681.0784086234535
2025-06-09,1704.2241445432085,1879.593347583334,52401.18473219058,48506.13854123278,1947.5230954789006,0.0,1947.5230954789006,428.35643091500043,50882.01806762668,83324.20845762003,77833.16104861072,5491.047409009305,0.0,5491.047409009305,63.322310833333404,2578.632375781894
2025-06-10,1879.593347583334,1637.0740499135825,47758.27050957228,49013.39695858608,104.95854201750001,732.5217665243991,837.4803085418991,0.0,49850.87726712798,77060.75142043894,78574.86683544239,2403.665481670098,1958.8904483367646,444.77503333333334,0.0,2964.234060325787
2025-06-11,1637.0740499135825,1848.734119805555,52301.03444557183,52665.81820565513,442.6416177260885,625.0334977677337,1067.6751154938222,99.32085232000153,53832.814173468956,82427.30868972102,83073.98118367625,2613.640359414775,1630.1564266850103,983.4839327297647,14.23750750000022,2346.3151943724297
2025-06-12,1848.734119805555,2125.5871047685173,50497.9148619008,49623.68880662765,452.29022472083557,15.177197084261492,467.46742180509705,0.0,50091.156228432745,80400.67853357847,78756.95228948038,1731.2739712585803,43.77386358025281,1687.5001076783276,0.0,1939.066969708508
2025-06-13,2125.5871047685173,1350.26547375,17703.554453432687,18760.467430261557,63.391474845416745,591.847963259851,655.2394381052677,5009.269122568525,24424.975990935345,31859.253853185866,32790.54269427476,1227.341574422224,1079.3152077555571,148.0263666666669,959.4976550999969,3714.0626580692756
2025-06-14,1350.26547375,1204.4597388796296,19452.688081719065,19364.869593769206,374.4437839681257,330.5345399931977,704.9783239613234,1526.837875419227,21596.685793149758,33869.23737164609,33562.576249173864,1513.5341108611137,603.4364941944442,910.0976166666693,408.33671054722373,5454.080193923183
2025-06-15,1204.4597388796296,1977.5447966111133,47121.31384219365,49223.928928727415,92.19151451402749,1143.4990577809087,1235.6905722949361,0.0,50459.61950102235,75729.53367704389,79202.89667111865,3878.7880107414226,3676.07550240809,202.7125083333329,0.0,3728.458888518515
2025-06-16,1977.5447966111133,2184.0360785061744,48851.571978008884,49494.392733240486,590.6760942580031,912.0864718738046,1502.7625661318077,482.6596095219425,51479.81490889423,78266.29778941014,79334.02900453625,4209.901638301675,2638.8164267138864,1571.0852115877888,71.5609127777775,2267.2424896124785
2025-06-17,2184.0360785061744,1438.7270876296282,49957.74289596372,50891.047533893376,324.39727607468285,791.0495950395098,1115.4468711141926,819.2675611169441,52825.76196612452,79596.54409967421,80878.92392060733,3157.2814530936157,2219.8306370133687,937.4508160802473,120.60171444444438,2948.103519170433
2025-06-18,1438.7270876296282,1900.7705574629629,50239.77707990242,49565.555286358256,1117.1383977189882,780.0275009469049,1897.165898665893,0.0,51462.72118502415,80664.59225604252,79295.52472393552,5823.313786329214,2227.123127111109,3596.190659218104,0.0,4103.510361181755
2025-06-19,1900.7705574629629,2073.3895326481475,46855.56802655156,47176.59581781655,1115.5628044626978,1276.0767000951914,2391.6395045578893,753.7584613854183,50321.99378375986,75607.34003676953,75865.53490702057,6522.102171657066,3390.1485209540524,3131.953650703014,111.92494916666692,3357.6495642729824
2025-06-20,2073.3895326481475,2273.8983148950606,20561.74690946814,19936.4600340642,312.64343770197223,2.5693740468568643e-13,312.6434377019725,0.0,20249.10347176617,34834.412691532925,34211.76846653292,622.6442250000011,1.0903870399185203e-12,622.6442250000001,0.0,9325.617171460903
2025-06-21,2273.8983148950606,2362.145084768518,19518.304748242255,19391.97647682642,72.88293523513936,9.718799527223036,82.6017347623624,0.0,19474.57821158878,33703.03266426954,33548.818041430044,186.4086728395089,16.097025000001707,170.3116478395072,0.0,11750.196127331958
2025-06-22,2362.145084768518,1873.3549466975326,44518.14193846767,45705.75171089826,477.53808864107395,1071.342974856366,1548.88106349744,228.9846355274991,47483.617409923194,72514.51324227023,73209.91510792277,4590.839813841845,2643.1208397471905,1947.7189740946542,33.97451999999987,2383.04823138203
2025-06-23,1873.3549466975326,1873.8692356666704,46355.740286123444,45802.96209996856,490.2970424514837,213.90794937404166,704.2049918255254,43.207605813333075,46550.37469760742,74057.62091170825,72968.75413049769,2690.0970769993082,800.6151478943672,1889.4819291049412,6.193750833333297,1837.5161846673395
2025-06-24,1873.8692356666704,1578.141843833334,54038.8958927973,52261.33186909753,1099.027933116775,210.2459212668877,1309.2738543836629,175.52220623000088,53746.1279297112,85578.75073898147,82960.88971765089,3631.6083918861464,506.873685277775,3124.7347066083717,25.170042500000136,2604.7614998492354
2025-06-25,1578.141843833334,1753.601103444443,47425.689399735944,48777.408869225066,521.6350835630913,1197.494818307655,1719.1299018707462,138.42807747333407,50634.96684856915,77098.4409819753,77967.3964987037,5126.0539144032955,2997.504715565843,2128.5491988374524,20.515176666666775,3424.2149173868347
2025-06-26,1753.601103444443,1867.763458407406,45610.63581224508,46921.4639479241,202.48753112230418,857.9015989618168,1060.389130084121,968.1904568747241,48950.043534882956,73052.54350905007,75352.78776210904,3585.2527806858716,2942.7485168724306,642.5042638134415,143.6088008333336,3985.630628614543
2025-06-27,1867.763458407406,2261.8782030123457,20526.512662482146,19106.52990327731,709.9913796024165,0.0,709.9913796024165,0.0,19816.521282879727,35587.18404528806,33934.11692028806,1653.067125,0.0,1653.067125,0.0,11336.38732045954
2025-06-28,2261.8782030123457,1977.0820396327147,19016.89079020748,18757.535620606257,131.0594328712869,1.3818480706775749,132.44128094196446,0.0,18889.97690154822,32955.27573027092,32710.143960572255,253.14364429311047,4.005937297224321,249.13770699588613,0.0,8843.810463254458
2025-06-29,1977.0820396327147,1986.1110783425918,43788.16190667938,47006.44498285957,56.265831758346145,1665.407369848438,1721.6732016067842,72.46549905749941,48800.58368352385,71137.42840986283,75249.71232624837,4546.508898593879,4329.39640748971,217.1124911041693,10.754477222222135,2146.4224152983506
2025-06-30,1986.1110783425918,1669.2630692654318,47863.114604179915,47340.364275963424,398.05628686643774,136.68112275819482,534.7374096246326,492.372724559721,48367.47441014777,77014.68607182211,76103.67425221537,1430.1104807178692,259.5493305555561,1170.561150162313,73.03590055555537,2641.4713165363482
2025-07-01,1669.2630692654318,1200.0,41298.234967338896,51365.46343139942,0.0,5033.614232030257,5033.614232030257,17266.993630681704,73666.07129411137,67355.65438428326,78553.84776935534,11198.193385072082,11198.193385072082,0.0,3626.722037219446,0.0
2025-07-02,1200.0,1200.0,42298.078407695,47264.53609762946,0.0,2483.228844967226,2483.228844967226,15021.597639321271,64769.36258191796,67478.75871964678,73542.96949172544,6064.210772078667,6064.210772078667,0.0,3082.1949812500006,74.20519555555563
2025-07-03,1200.0,1403.5678605,49298.68130431496,52924.95356091212,307.0927405192853,2120.228868817866,2427.321609337151,8797.369598583806,64149.64476883308,79395.81511362139,82903.0747692966,5433.465643521559,4470.362649598384,963.1029939231748,1710.5522104750025,603.967554722218
2025-07-04,1403.5678605,1200.0,17389.17210430409,20111.036441613636,8.48351648217998e-14,1360.9321686547719,1360.9321686547719,26378.817029254966,47850.78563952337,31640.00729500343,34083.81895267009,2443.8116576666675,2443.811657666667,3.1934121900735044e-13,6687.612496610459,9760.989533333335
2025-07-05,1200.0,1200.0,19844.646353522337,22700.749496619123,0.0,1428.051571548394,1428.051571548394,15640.883839165237,39769.684907332754,35173.949797208494,37819.10429287517,2645.154495666666,2645.154495666666,0.0,3794.0944826805576,10363.689966666665
2025-07-06,1200.0,1233.8625297685194,49200.66144627412,54200.19179157973,0.0,2499.765172652804,2499.765172652804,2579.3771234545648,59279.3340876871,77456.13582224621,85660.78415054595,8204.648328299727,8204.648328299727,0.0,423.61049667222187,1905.9125906721565
2025-07-07,1233.8625297685194,1759.4508935185181,51861.86015477038,51562.87027773779,282.48529124714025,132.99035273084257,415.4756439779828,215.91823740208375,52194.264159117854,82086.45924873113,81325.84200912518,1402.801259502407,321.09200994822174,1081.7092495541851,32.040185000000065,3630.9003101951303
2025-07-08,1759.4508935185181,1724.7872381759266,53367.63610258309,52075.64526283955,1049.9951494012184,403.99972952944523,1453.9948789306636,277.67966806583286,53807.319809836044,84419.67877694443,81771.99991005042,4449.312065616249,900.8165993611124,3548.495466255137,40.664879999999926,2071.5453812962946
2025-07-09,1724.7872381759266,1979.6324103703694,53479.66494448874,50926.98906945078,1498.0505219705065,221.71258445152787,1719.7631064220343,332.4101242104182,52979.162300083226,85223.84067031111,80736.12254865392,5320.52438832387,416.4031333333335,4904.121254990536,49.31355750000023,2469.8099767592566
2025-07-10,1979.6324103703694,1938.453551126546,49180.83661118118,49432.77578426768,327.49656156331025,453.46614810656,780.9627096698703,727.4738120420816,50941.212305979636,77419.75474502056,77692.70228234763,2793.5268892406466,1533.237213283852,1260.2896759567948,107.94479999999976,941.0491568141215
2025-07-11,1938.453551126546,1216.344075,22345.277770067292,23065.650053958736,485.8482828190275,846.0344247647515,1331.882707583779,8258.098680977366,32655.63144251988,38188.754467002735,38855.536616155514,2824.190138041664,1745.4861435972202,1078.7039944444437,1717.6638277083316,6281.638466666668
2025-07-12,1216.344075,1200.0,23435.06095857178,24698.745156403344,4.228202972929769e-15,631.8420989157819,631.8420989157819,2359.3958547956477,27689.983110114772,40242.31913767147,41666.50297162702,1424.1838339555554,1424.1838339555554,1.8947806286936004e-14,499.2519201750047,8493.526982808642
2025-07-13,1200.0,1871.8269059372435,53985.98532591123,48324.60955753764,2830.687884186793,0.0,2830.687884186793,210.44724992708439,51365.74469165152,84107.63498925926,76082.37097745542,8025.264011803836,0.0,8025.264011803836,31.28247083333349,2203.818818374488
2025-07-14,1871.8269059372435,1816.501887203704,49104.04827879688,49046.209735634344,671.5101171565118,642.5908455752474,1314.1009627317592,335.2291455900004,50695.5398439561,78383.56191117741,77103.8426069936,4335.074541303149,1527.677618559672,2807.3969227434777,49.727257500000064,1682.7601531344346
2025-07-15,1816.501887203704,2186.4073824814805,51159.498457863956,49472.23751504325,1273.389081552115,429.75861014175996,1703.147691693875,0.0,51175.385206737126,81450.21372327159,77374.30592691706,5366.215621032303,645.1539123388851,4721.061708693417,0.0,578.3706704183818
2025-07-16,2186.4073824814805,1977.5601984660475,50102.486581956524,49378.38914997847,425.45690587194713,63.40818988291772,488.86509575486485,337.0784180108325,50204.33266374417,77962.97974451988,76758.30021331276,1799.9928707956096,297.6566697942388,1502.336201001371,49.88950166666655,1121.742099694793
2025-07-17,1977.5601984660475,1966.306325879626,48112.57658083935,50043.26271932962,60.07854312102786,1025.4216123661613,1085.5001554871892,248.469779377083,51377.23265419389,76142.98138495542,78544.18593342976,2928.1419759571954,2664.673262215771,263.4687137414247,36.01053083333329,1778.2905855384165
2025-07-18,1966.306325879626,2324.68110599074,26457.70889077186,24791.983150499753,864.579619985114,31.716749849061692,896.2963698341757,0.0,25688.27952033393,43883.3232874417,41733.73528497081,2248.0795787431052,49.24578813611007,2198.8337906069955,0.0,7608.8486962174175
2025-07-19,2324.68110599074,1689.2065086203688,26309.864101854007,24830.35476604847,786.3145051973551,46.55983729458438,832.8743424919394,0.0,25663.22910854041,43081.28159198216,41194.044057448555,2038.1737345336114,75.46810000000224,1962.705634533609,0.0,12283.683469259255
2025-07-20,1689.2065086203688,1962.3940746944456,51394.81058536693,50230.57491029293,963.2031511376921,381.0853136006938,1344.2884647383858,229.15839870624978,51804.021773737564,82437.19438885116,79529.30372935184,4519.885370610427,805.9973555555548,3713.888015054873,33.02133249999997,3405.495931800406
2025-07-21,1962.3940746944456,1961.7017319413574,51790.69490153579,51270.47505428696,455.86704998005985,195.75712635564435,651.6241763357042,183.23874316333374,52105.337973785994,82176.70017623456,80844.69183162416,2186.5562743402215,427.27396486491426,1759.2823094753076,26.268080000000054,2915.2378121330585
2025-07-22,1961.7017319413574,1782.06786774074,49347.295857310935,50911.237735537885,58.0679798048837,840.038918918358,898.1068987232418,586.0268317687523,52395.37146602987,77896.99829242798,81006.48129744752,3401.985056562751,3255.734030791149,146.2510257716023,86.93479833333367,3514.957931670099
2025-07-23,1782.06786774074,1748.9159185925953,56141.803986007544,50595.80487912141,2819.0839943923756,46.08444094930546,2865.1684353416813,249.9180341683336,53710.89134863143,88290.81992511272,79708.73700951645,8732.060687818486,74.98888611111093,8657.071801707374,37.07583416666671,1387.1401020233156
2025-07-24,1748.9159185925953,2273.0056158611114,55743.41812429768,50715.853993959914,2513.782065168888,0.0,2513.782065168888,0.0,53229.6360591288,87764.43270930136,79703.06820076474,8061.364508536627,0.0,8061.364508536627,0.0,1665.924345401244
2025-07-25,2273.0056158611114,2342.8812264629614,24579.726755553005,24319.96146567817,165.6169850365835,35.73434009916556,201.35132513574905,0.0,24521.31279081392,41100.153026213986,40760.75600926954,461.67085027777614,61.136916666665,400.53393361111114,0.0,11755.059665740733
2025-07-26,2342.8812264629614,1945.2226606111133,23799.746085712548,24137.024466302435,14.546101921444807,183.18529221638846,197.73139413783326,0.0,24334.75586044027,40423.676248161864,40737.131803439646,388.42431138888935,350.9399333333334,37.48437805555598,0.0,10158.99246504458
2025-07-27,1945.2226606111133,1931.3520403117286,49979.55218671196,50003.229932634684,883.6400584584239,895.4789314197823,1779.1189898782063,99.11379975000024,51881.46272226289,79726.49501434156,79121.70526974433,5121.391453386313,2258.3008543945443,2863.0905989917683,14.695500000000038,1358.0599802469187
2025-07-28,1931.3520403117286,1740.770744228396,51970.13974043902,52979.17462144061,108.95163734892398,613.4690778497218,722.4207151986458,108.05307245833372,53809.648409097594,82974.07012758573,83981.58908473697,1555.4166074320947,1281.4677822916665,273.94882514042814,16.02091666666672,2047.7438091359727
2025-07-29,1740.770744228396,1740.0100512499998,50002.79363336995,52608.46096022113,88.56409249411024,1391.397755919702,1479.9618484138123,648.5895812812291,54737.01238991617,79640.61145148834,83485.38471692387,4623.187613878603,4233.980439657068,389.20717422153473,97.29289749999657,3643.74931435871
2025-07-30,1740.0100512499998,1875.2648884444432,45913.915848042714,51229.6145980774,0.0,2657.849375017343,2657.849375017343,41.86306420874915,53929.3270373035,72498.12369055554,81049.03464147805,8550.910950922502,8550.910950922502,0.0,6.214364166666542,2861.1536865432063
2025-07-31,1875.2648884444432,2037.5680376512346,48042.27002093532,50859.63173305581,0.0,1408.6808560602467,1408.6808560602467,564.3587657704193,52832.67135488647,76642.46870373114,80808.87712703086,4166.408423299726,4166.408423299726,0.0,83.75851750000038,1809.6043036591211
2025-08-01,2037.5680376512346,2214.1977716111137,24352.165640932824,23432.972529644627,495.0198536996801,35.42329805558059,530.4431517552607,0.0,23963.415681399885,40620.22560906378,39564.49639652212,1168.533282458332,56.40203495833293,1112.131247499999,0.0,15645.181800586419
2025-08-02,2214.1977716111137,1860.0420195092602,24439.984107241038,23770.061439320372,349.2803069745006,14.31897301416709,363.5992799886677,0.0,24133.660719309042,40808.78006274005,39983.476425795605,871.5176369444464,23.107000000001285,848.4106369444451,0.0,16964.983323247594
2025-08-03,1860.0420195092602,1332.4228226388889,42126.55290095616,42461.71092338948,5.8380312734988244,173.41704249015865,179.25507376365746,2616.935088989113,45257.90108614225,65222.08751898147,65764.79816252869,599.4870235472209,571.0988335472266,28.388189999994285,551.9391757027781,381.31310648149184
2025-08-04,1332.4228226388889,1459.517466231484,45672.24719449095,45356.534274589634,1048.3754463510966,890.5189864004374,1938.894432751534,0.0,47295.42870734117,70637.9082625686,70248.2378408905,5139.160267622326,2374.7449229721174,2764.415344650208,0.0,1031.6599835425234
2025-08-05,1459.517466231484,1415.0482334074088,44000.06928082732,44588.472804297024,224.08092948966618,518.2826912245172,742.3636207141833,212.12454713583418,45542.96097214704,68459.01355055212,69951.1025882293,2808.3058670827586,2150.1974523799704,658.1084147027882,31.439701666666792,1072.282017849791
2025-08-06,1415.0482334074088,1432.4532591656011,48864.67210381165,46856.56275600358,1004.0546739040378,0.0,1004.0546739040378,0.0,47860.617429907616,75276.68411193072,72809.8875451303,2466.7965668004185,0.0,2466.7965668004185,0.0,846.9758420267508
2025-08-07,1432.4532591656011,1678.5653104814824,48032.57338687018,44666.301404806116,2128.432284500924,445.29629346888913,2573.728577969813,938.7511601201261,48178.781142896056,77634.98019049659,69787.0651513798,9749.773889116801,950.9294250000003,8798.844464116803,137.63090305555374,2495.842575576133
2025-08-08,1678.5653104814824,1780.4696638981482,22950.169886973574,22940.513569314156,41.26233706970839,36.4341782399998,77.69651530970819,0.0,23018.210084623865,39307.62423396433,39278.76248146433,161.89541916666724,66.51683333333378,95.37858583333346,0.0,20809.62736047325
2025-08-09,1780.4696638981482,1284.39913326852,22918.78307621887,22920.087940555914,5.023384881667142,5.675817050187655,10.699201931854798,0.0,22930.78714248777,38970.06235926269,38975.55430576269,21.538279833337754,13.515113166670156,8.023166666667596,0.0,18021.93121883196
2025-08-10,1284.39913326852,1429.4857153425935,45385.47832955679,44043.543339547556,743.7021124693922,72.73461746477865,816.4367299341709,1533.0754433784493,46393.05551286017,71106.48239584018,69070.15977068161,2253.440886247464,108.55913054444575,2144.8817557030184,232.83404792500124,149.11262463991875
2025-08-11,1429.4857153425935,1288.603810787037,43029.44400985312,44018.75305066409,163.68932878891127,658.3438491944017,822.033177983313,1560.5154269387258,46401.30165558613,68523.7628316358,69472.98305102193,2422.118052019878,1685.6691357030115,736.4489163168666,235.6651635083346,1363.0382391700957
2025-08-12,1288.603810787037,1443.6701114259254,46738.217970391735,45960.20763744842,758.6474756154105,369.64230914375014,1128.2897847591607,2213.221211596398,49301.71863380398,74829.83799625514,72451.70825689223,4008.683664918459,815.276962777778,3193.406702140681,332.3112399361117,1223.2449299691368
2025-08-13,1443.6701114259254,1609.1784623888886,42566.092505747365,44714.340920434915,4.4371633563889095,1078.5613707001658,1082.9985340565547,832.552607059177,46629.89206155065,67476.05833347735,71056.14140822798,3620.3203303061746,3600.2017025283967,20.118627777777874,171.96711916666828,1180.424506423184
2025-08-14,1609.1784623888886,1586.178671537036,44392.44141507159,45498.071963828894,366.9447638569897,919.760038235643,1286.7048020926327,1524.6041777041842,48309.38094362571,69119.1649349657,71786.74314167819,4613.572015820853,3640.5751112666685,972.9969045541841,251.2467677250001,2093.0901248216765
2025-08-15,1586.178671537036,1419.575240966051,23618.248159308554,22675.919994160653,550.6116290872487,79.44754651329745,630.0591756005462,160.80166860111112,23466.78083836231,39744.14082169067,38787.80722867123,1352.8049036472207,198.23565531388937,1154.5692483333314,38.64880388888889,19178.301972606307
2025-08-16,1419.575240966051,1330.680621675926,24661.149655186753,22680.07957058725,1161.7883510454178,171.2533087456695,1333.0416597910873,2292.3274304511992,26305.448660829537,40756.64082342593,38516.90271403148,3055.6108772722255,407.93638393889006,2647.674493333335,348.5787124055538,19510.774349742802
2025-08-17,1330.680621675926,1303.2668863703693,45572.52813506512,44204.099086591916,1014.8143687613228,330.599844524722,1345.4142132860447,2011.552420227914,47561.06572010587,72952.66182987652,69228.51137703018,5075.42698617969,675.6382666666664,4399.788719513024,295.36989249999965,2644.7537402495373
2025-08-18,1303.2668863703693,1489.8281656450672,44850.80776901911,44341.563250627776,528.8278310775227,274.2055718818561,803.0334029593787,1084.8794274491672,46229.47608103632,69994.70579197531,69316.12240814684,2777.0359704381485,1049.2262933048403,1727.8096771333085,160.20210166666675,883.1320937343204
2025-08-19,1489.8281656450672,1249.2199297500001,43896.901324056256,44020.87550094407,13.407913441805109,75.39500188571292,88.80291532751802,2240.8261850119666,46350.50460128356,68464.95627279491,68773.95598142318,351.75612529492656,330.37791696159394,21.378208333332623,351.05424668333455,1353.4226612139983
2025-08-20,1249.2199297500001,1294.1376643425895,48159.87239565634,47852.87276123302,1329.1614979821834,1175.661680770522,2504.8231787527056,377.7191566720846,50735.41509665781,77496.89619196844,74838.27500058367,7209.286648718099,2275.332728666659,4933.953920051441,55.92758416666686,223.7331200137222
2025-08-21,1294.1376643425895,1521.7911917777776,46096.487706654894,44306.52457249045,1009.4013664456221,114.41979936340013,1123.8211658090222,1433.438497050904,46863.78423535038,73482.91208961248,69600.36178957133,4351.608161707818,234.52893083333356,4117.079230874484,210.2053829999982,79.45609245542134
2025-08-22,1521.7911917777776,1463.3258979629632,23192.42143036551,23178.02220714608,366.39513076997184,359.19551916025625,725.5906499302281,3015.552158247148,26919.16501532346,39233.21178883059,39137.84427678336,1550.8064846194397,727.7194862861071,823.0869983333325,521.1004714000017,15921.22675833333
2025-08-23,1463.3258979629632,1238.65581325,22281.500413660273,23126.76478736224,3.1172930903267115e-14,422.6321868509858,422.6321868509859,597.6500086428769,24147.046982856104,38652.20395194787,39523.00053833676,870.7965863888892,870.7965863888891,1.5158245029548803e-13,89.88633544166557,14695.463794910838
2025-08-24,1238.65581325,1254.9959111296293,44586.90280314748,44683.58037813745,197.25090644673404,245.5896939417197,442.8406003884537,380.5120284896324,45506.93300701554,68963.31270247597,68937.07998481249,1258.4659819523981,616.116632144449,642.3493498079491,61.42347784166719,1322.456060857336
2025-08-25,1254.9959111296293,1478.435623521603,57487.8084940599,48075.78040606208,4753.4441307799125,47.430086780999574,4800.874217560912,493.14978504458196,53369.80440866757,91005.04658874485,76002.71754376843,15143.9113935764,70.79117429999935,15073.1202192764,72.51505083333313,1043.155035922502
2025-08-26,1478.435623521603,1607.7316894598782,45270.60555985263,45884.98700889391,33.405676649722245,340.5964011703661,374.00207782008835,508.06062133375406,46767.04970804776,69567.54039201989,70985.16898345336,1524.155758100138,1470.8921747668046,53.26358333333337,75.33653000000061,1399.5210747942401
2025-08-27,1607.7316894598782,1312.739720407407,45330.9594541643,47658.66150112132,236.02460880483318,1399.8756322833453,1635.9002410881785,437.10679996957333,49731.66854217907,70691.67970448901,74506.96485632099,5967.73325183196,4891.509201831961,1076.2240499999994,64.76093583333193,3059.379426426608
2025-08-28,1312.739720407407,1512.389737435185,43884.485699104625,48166.66579670188,0.0,2141.0900487986264,2141.0900487986264,1142.680706464891,51450.436551965395,69779.16563247942,76599.23334092673,6820.0677084473045,6820.0677084473045,0.0,189.58274944166538,1626.9705823456854
2025-08-29,1512.389737435185,1607.3184921481468,24957.300211233767,24296.842346244266,330.2289324947512,1.2215432813415343e-12,330.22893249475237,0.0,24627.07127873902,41885.17559624142,41132.08046207475,753.0951341666707,2.4442670110147446e-12,753.0951341666683,0.0,15668.094109290123
2025-08-30,1607.3184921481468,1200.0,23997.486292781137,23481.60973061647,269.3142917890027,11.376010706668865,280.6903024956716,347.1304853832513,24109.430518495396,40387.8085265192,39703.338592132364,720.6963835761321,18.113224594648898,702.5831589814832,115.17721115000151,19105.87993184499
2025-08-31,1200.0,1636.8811090370368,44678.72275165237,45649.29574122307,0.0,485.2864947853503,485.2864947853503,1347.7377246104297,47482.31996061885,69188.79007001029,71293.14287816954,2104.352808159253,2104.352808159253,0.0,199.38979166666857,357.42165493826974
2025-09-01,1636.8811090370368,5157.29848152778,49191.31737739496,44437.58890270685,2528.055961304264,151.1917239602104,2679.2476852644745,0.0,47116.836587971324,78813.86419247036,68949.64854441563,10554.892503388062,345.3384276666653,10209.554075721397,0.0,8389.003178181076
2025-09-02,5157.29848152778,4188.581142898149,39827.4972603851,41303.95130792745,315.09495502545826,1053.3219787966332,1368.4169338220913,0.0,42672.36824174954,62029.88857094883,64362.28695876432,5203.537292815499,3767.9678403155,1435.5694525,0.0,7816.7374758470505
2025-09-03,4188.581142898149,3028.8479028703687,41149.3423810004,39967.46947413383,850.4673057866203,259.5308523533336,1109.9981581399538,0.0,41077.46763227378,64857.957448810004,61741.74102776062,4286.698543271607,585.2410611111117,3701.4574821604956,0.0,4246.454254835381
2025-09-04,3028.8479028703687,2336.9218889259255,38944.260412828866,38201.943377274045,409.391423460709,38.23290568330235,447.62432914401137,314.4955803525012,38964.06328677056,60887.289524653635,59604.67089045919,1471.3020252499982,94.34169552777401,1376.960329722224,46.66653500000018,2698.00179263032
2025-09-05,2336.9218889259255,5643.250972592588,23746.58557522805,22705.463562809466,520.5610062092924,6.989580469962675e-13,520.561006209293,0.0,23226.02456901876,39418.84069985253,38313.872090685865,1104.9686091666701,2.1979455292845764e-12,1104.968609166668,0.0,25592.145595757887
2025-09-06,5643.250972592588,4595.960447148148,19963.530095701244,19478.396408997076,242.56684335208513,1.911248167137577e-12,242.56684335208703,0.0,19720.963252349164,33036.31483466667,32507.17318466667,529.1416500000065,3.4485007442223528e-12,529.141650000003,0.0,23377.122244197526
2025-09-07,4595.960447148148,1403.93768887037,33894.240521107036,36491.78463791974,96.47172510475005,1395.2437835111068,1491.7155086158568,285.4634330918381,38268.96357962744,52845.410738803155,57117.514229780936,5210.316232088889,4741.2098615333325,469.1063705555557,60.92486033333435,1992.2491554698227
2025-09-08,1403.93768887037,1200.0,39769.29350981906,39969.09577394457,567.4415001292824,667.3426321920397,1234.784132321322,252.89180288419502,41456.77170915009,65003.017449969135,64291.41984356621,4132.561100188306,1710.4817468926963,2422.0793532956104,117.58663353333222,1362.6026349382712
2025-09-09,1200.0,1279.8824502777775,35366.40018196495,37020.91056150087,7.793232725816779e-15,827.2551897679585,827.2551897679585,1786.2075311649119,39634.373282433735,56499.64641808985,58630.587349222566,2130.9409311327154,2130.9409311327154,3.789561257387201e-14,274.52724532222385,1784.0020554835369
2025-09-10,1279.8824502777775,1308.72088725,40684.88888600377,40622.85852359138,760.6139331793307,729.5987519731311,1490.2126851524617,1206.7804199484044,43319.85162869224,67053.8407605041,65890.1294221221,5052.954477334672,1944.6215694763373,3108.3329078583347,301.9668423138912,695.8751238065813
2025-09-11,1308.72088725,1439.2573861574074,41095.05785533477,37213.76121587541,1940.6483197296802,4.3188113825938974e-13,1940.6483197296807,1571.3824673383758,40725.792002943475,66428.68150869341,59413.39107203018,7015.290436663239,7.958078640513122e-13,7015.290436663237,270.8745217499987,2067.6253595987578
2025-09-12,1439.2573861574074,3623.5199164413584,20784.27293792599,20894.93814523099,1.0205743213494618e-12,55.332603652501376,55.3326036525024,0.0,20950.270748883493,36203.693870596704,36334.291531707815,130.5976611111168,130.59766111111438,2.4253192047278085e-12,0.0,19872.51301423868
2025-09-13,3623.5199164413584,2610.46774359259,17732.71288363448,17743.445130825105,0.8002124437516119,6.166336039064757,6.966548482816369,0.0,17750.41167930792,31023.35648024691,31037.381268441357,16.596371527785262,15.310579861116091,1.2857916666691724,0.0,21565.223055198898
2025-09-14,2610.46774359259,1208.054625,43369.822789499536,39233.54929020096,2087.4706329158475,19.333883266556647,2106.8045161824043,2030.0471453854452,43370.40095176881,69424.98068581618,62808.096358487965,6674.597411706005,28.85654218889052,6645.740869517115,439.75891801666495,829.5746684053522
2025-09-15,1208.054625,1250.6597464166666,36973.08379791018,37879.000438063056,4.392586561152711e-12,452.958320076444,452.9583200764484,1961.6386339028059,40293.59739204231,58977.98012145405,60107.23689705653,1129.256775602516,1129.2567756025005,1.546140993013978e-11,358.5040182055582,1214.594232366269
2025-09-16,1250.6597464166666,1200.0,43254.095580961024,40076.5479988187,1988.1513600054445,399.37756893428156,2387.528928939726,2551.9049268014674,45015.98185455989,70834.26033148491,64512.457592467385,7955.900989734193,817.0491253583347,7138.851864375858,552.8319830750017,1719.7688406481495
2025-09-17,1200.0,1200.0,41838.05395477936,40082.96235033899,1174.4355727927464,296.8897705725645,1471.3253433653108,846.3117093785764,42400.59940308287,66988.58557044924,64331.32256476754,4140.690356026117,741.7136751722153,3398.9766808539016,275.709796641672,657.608297222228
2025-09-18,1200.0,1483.176459527777,37528.82784243273,40767.4189024554,0.9085699311125983,1620.2040999424498,1621.1126698735625,2713.1913637608573,45101.72293608982,59840.087621553495,65839.16337189959,6001.97308367943,6000.52441701276,1.448666666669093,459.6722889750015,3001.562826800415
2025-09-19,1483.176459527777,1459.9537518425914,17547.86733760543,17749.072348620808,171.99440071597292,272.59690622366315,444.59130693963607,264.22669575370077,18457.89035131414,31532.802533374488,31811.221013249487,1043.2594132083339,660.8389465416659,382.42046666666795,62.95048527777796,13000.819929032923
2025-09-20,1459.9537518425914,1536.1706437962964,17652.460525950482,17701.10361724372,276.45582830844467,300.77737395506267,577.2332022635073,1580.7475046566603,19859.084324163887,31885.218227469137,31888.732292380242,1242.768062688888,623.1410637999987,619.6269988888891,301.3801749999993,13613.920846512347
2025-09-21,1536.1706437962964,1359.378136111111,40988.961299588904,40207.43567398032,532.6050507670031,141.84223796270987,674.447288729713,1284.3243719882726,42166.2073346983,66275.91946018518,64616.023348038405,2788.6212016598056,564.3625447565134,2224.258656903292,208.94536609999878,2910.4072667626883
2025-09-22,1359.378136111111,1243.24692525,44219.46847308733,40692.59384997385,2022.750623763909,259.31331220716953,2282.0639359710785,316.5271645120199,43291.18495045695,70901.28806896775,65010.104250016666,7021.999332317764,565.4077566833361,6456.5915756344275,106.97210256666608,525.3694554732558
2025-09-23,1243.24692525,1351.0630231759255,42969.63327437219,41540.60895430245,819.5223958986926,105.01023586382452,924.5326317625171,2666.576501541858,45131.71808760682,69135.95447127229,66520.54512314552,3038.896315926752,211.74348389999875,2827.1528320267535,461.034471425001,627.4419072633714
2025-09-24,1351.0630231759255,1267.2510164629623,38340.806902091615,41119.1676004545,0.0,1389.1803491814426,1389.1803491814426,0.0,42508.34794963594,60632.69668730452,65437.43628036776,4804.739593063237,4804.739593063237,0.0,0.0,419.48914246227787
2025-09-25,1267.2510164629623,1310.58885,41127.26301143366,42401.07682605411,468.4380725136805,1105.3449798239028,1573.7830523375833,1195.1025457698247,45169.96242416152,65904.51859004116,67499.23213045545,5866.016594303184,3730.365067358741,2135.6515269444444,373.37126201110914,3675.6093113923203
2025-09-26,1310.58885,1281.768225,18417.124054806445,17278.726560485728,569.1987471603574,2.5334353874010654e-13,569.1987471603576,48.25070173782981,17896.176009383915,33066.495869444436,31769.27894327222,1297.2169261722229,7.105427357601003e-13,1297.2169261722222,22.606908808331674,11211.12290183128
2025-09-27,1281.768225,1200.0,17346.47196006995,18175.17979771968,4.2707249588621225e-13,414.35391882486465,414.3539188248651,3442.6723817987177,22032.206098343264,31819.438815452675,32767.089273213787,947.6504577611141,947.6504577611133,8.169761163874985e-13,716.8670076916625,12851.385973055558
2025-09-28,1200.0,1215.2131609074067,41146.38704382819,43490.8171070267,88.03994614390734,1260.2549777431614,1348.2949238870688,39.56136916666671,44878.673400080435,66326.404415,69903.92475144725,4351.327817386898,3964.4240769170783,386.9037404698191,5.868333333333339,2383.6219783333327
2025-09-29,1215.2131609074067,1200.0,43677.99615983026,41828.93569780963,1031.9161656539907,107.38593464367881,1139.3021002976695,4044.473292970457,47012.711091077756,69894.1976733436,66379.31430813918,4258.00979969002,371.5632172427988,3886.4465824472218,764.3005584739168,240.48810838477448
2025-09-30,1200.0,1235.2453372407401,42969.31272680052,44835.734210167764,6.340444000000025,939.5511856836241,945.8916296836242,1824.2174527711609,47605.84329262255,68475.02568045267,71093.19001841656,2656.5912712972176,2637.377804630551,19.21346666666674,278.90387387499914,1693.67287635802
2025-10-01,1235.2453372407401,3048.43474175926,40217.469842437895,38552.024167719486,859.2820248428575,26.559187483651456,885.841212326509,0.0,39437.865380045994,65009.48632441358,61575.88056314783,3546.3889257712954,56.39158225277693,3489.997343518519,0.0,6123.603952410832
2025-10-02,3048.43474175926,2816.4089412129674,43229.666281227175,37091.256266206234,3074.3577117865266,5.152704276055351,3079.510416062582,0.0,40170.76668226882,69243.36321894717,59454.47363322582,9804.890530604696,8.000472441666563,9796.89005816303,0.0,4161.061476728395
2025-10-03,2816.4089412129674,3480.3111142870375,16356.567062712797,16494.60043056029,43.53100412083509,112.54768804458335,156.07869216541843,0.0,16650.67912272571,29856.048229242107,30032.382637575432,318.75549166666974,247.54495000000023,71.21054166666954,0.0,18871.80762096022
2025-10-04,3480.3111142870375,2395.4947776574095,16377.623619369748,15926.494255037538,225.56468216610628,3.3431509412669884e-14,225.5646821661063,0.0,16152.058937203645,29890.151319135803,29394.23929429969,495.91202483611124,1.5158245029548803e-13,495.9120248361111,0.0,14655.08830488683
2025-10-05,2395.4947776574095,2037.7034925740718,41992.14144161061,37215.14548345069,2501.550098487296,113.05211940733194,2614.602217894628,0.0,39829.74770134531,68465.25559637517,59637.88310446079,9305.69486302548,239.16118555555332,9066.533677469926,0.0,1439.1292630246894
2025-10-06,2037.7034925740718,1233.961437925925,35736.98962969893,37637.76445156953,0.0,950.3874109352976,950.3874109352976,70.09028959093303,38658.24215209576,57794.64427327161,61085.00709641996,3290.3628231483603,3290.3628231483603,0.0,10.047346558333288,209.89627947530903
2025-10-07,1233.961437925925,1244.3465791111112,37325.21125641289,38685.51387967086,139.61257425895846,819.7638858879403,959.3764601468988,550.5873094440466,40195.47764926181,62160.33827230452,63584.6819716358,2655.7757450925988,2040.0597222119372,615.7160228806613,137.8461333833378,1926.7766717352551
2025-10-08,1244.3465791111112,1248.8386589907404,36564.07422257497,37358.51563671663,25.766542049166574,422.98724911999153,448.7537911691581,794.8561027783585,38602.12553066415,60379.2770102915,61268.69066461323,1123.8032543217382,1006.6084543217387,117.1947999999996,128.55857306666894,830.4865062777768
2025-10-09,1248.8386589907404,1404.004524,42799.75171199757,37093.05858825217,3067.056084948381,213.70952307568436,3280.7656080240654,2068.589705930689,42442.41390220692,70417.42014349793,60451.56503541614,10631.391408831783,332.7681503749984,10298.623258456786,378.806169747221,792.5201631241457
2025-10-10,1404.004524,2277.5838007129623,17190.63858192267,16916.194794608647,277.0460724352645,139.82417877825245,416.8702512135169,0.0,17333.065045822164,32255.740350925917,31835.3912887037,877.814067222228,228.7325025000047,649.0815647222232,0.0,18629.262259063787
2025-10-11,2277.5838007129623,1527.9483619166672,16070.076803231472,16113.36933850625,73.07354443847245,94.71981207586254,167.793356514335,0.0,16281.162695020585,30632.849781440327,30616.311802829216,326.4343047222256,154.94816305555847,171.48614166666712,0.0,14304.587010349791
2025-10-12,1527.9483619166672,1200.0,38320.52186683836,38863.99747258841,368.68243723304494,640.4202401080665,1009.1026773411115,1838.7581778622255,41711.85832779175,63394.66617287038,62930.2892171742,2839.3877298868338,1187.50538709533,1651.8823427915036,482.8216018583372,1317.7579480315467
2025-10-13,1200.0,1253.0660798333333,39918.80002359624,38001.058998888155,1838.3944010515834,879.5238886975421,2717.9182897491255,1289.8061422637813,42008.783430901065,65972.9794628395,61040.71419946049,8368.646312423465,1718.1905245222235,6650.455787901241,219.48427585000243,181.0960952160516
2025-10-14,1253.0660798333333,1200.0,42265.09086513783,40682.19776791333,1212.300720070164,420.85417145791666,1633.1548915280807,828.3604616994002,43143.713121140805,69290.01329407064,65316.00918166564,5928.4363655716825,977.2161265833395,4951.220238988342,241.80016857500038,752.8445459259226
2025-10-15,1200.0,1396.0237284999994,44430.33551584187,41120.42331378514,1855.4401784496015,200.48407742124212,2055.924255870844,0.0,43176.34756965598,72517.95894167353,66917.05975197222,6307.083728090198,353.09226919444546,5953.991458895752,0.0,664.6588045370343
2025-10-16,1396.0237284999994,1556.5899610740732,42064.90806311788,42181.910036761474,638.3181562954093,696.8191431172073,1335.1372994126166,690.8768757316652,44207.92421190576,68601.34514937243,68013.99723775932,3502.625198290886,1457.6386433388918,2044.9865549519945,109.1522841666665,838.3685277160463
2025-10-17,1556.5899610740732,1359.1647052500002,15116.80388806754,16077.113032913214,7.073102400075489e-13,480.1545724228373,480.154572422838,788.2505046786305,17345.518110014684,29664.443945548694,30748.33743701536,1083.893491466668,1083.8934914666668,1.0610771520684161e-12,261.7203535833343,12222.622318717418
2025-10-18,1359.1647052500002,1348.3413638981465,17014.22776883279,16472.665868380984,453.2490168759445,182.46806665004112,635.7170835259856,0.0,17108.38295190697,32064.447232242797,31338.804196628906,1457.0080571638875,365.68251077499855,1091.325546388889,0.0,12272.531612513718
2025-10-19,1348.3413638981465,1200.0,43236.407602794505,42145.47509532371,664.714017764733,119.2477640293352,783.9617817940682,1142.597228449195,44072.03410556697,70119.61001721193,68262.89773596704,2227.018201683789,185.15296021944755,2041.8652414643416,235.08807610833196,505.07290698560183
2025-10-20,1200.0,1200.0,46265.59622213078,43480.6095744682,1492.0221412440383,99.52881741275122,1591.5509586567896,935.297327403792,46007.45786052878,74580.74378280237,70737.9909071982,4151.824585604156,154.5358550000019,3997.288730604154,237.10224517500137,2312.257216152261
2025-10-21,1200.0,1283.7571739907353,45049.164332464105,44501.36907622069,678.0497940113803,404.1521658896703,1082.2019599010505,0.0,45583.571036121735,73355.92864467428,72456.46326601508,2612.9195584258605,856.7270898833303,1756.1924685425302,0.0,1637.9005647462222
2025-10-22,1283.7571739907353,1262.755006851852,43661.30675594715,44170.66548469849,2.7592493008333556,257.43861367650385,260.1978629773372,433.35586065198277,44864.219208327806,70690.17141755144,71221.32069604562,547.1472451608422,539.1482618275088,7.998983333333399,89.51386034999871,1522.6842385219488
2025-10-23,1262.755006851852,1654.7020284074097,50408.5740413048,42716.39086431342,4184.775907797534,338.6843193018471,4523.460227099381,0.0,47239.851091412806,81590.56826242797,68892.4487191965,13988.888778231481,645.3846174999998,13343.504160731482,0.0,849.1713398353896
2025-10-24,1654.7020284074097,1400.7329002499996,16479.61751110306,16785.25111694406,1.0481181181489404e-13,152.816802920499,152.8168029204991,1930.648678250066,18868.716598114625,31678.4328988443,31983.996568566527,305.5636697222209,305.56366972222054,2.968008702771127e-13,386.8691060944421,11038.550519170096
2025-10-25,1400.7329002499996,1224.2487680185184,16587.69928606946,16935.325557762124,22.408190079723227,196.22132592605615,218.62951600577938,605.6901735075777,17759.645247275483,31831.16287844307,32120.155834276404,400.4188225000037,344.70588916666884,55.71293333333487,157.24796885833226,9945.306237407407
2025-10-26,1224.2487680185184,1452.3558256018523,46442.3501202225,43158.439331437796,2103.9147364619407,461.959342069586,2565.8740785315267,0.0,45724.31340996933,75352.27408324073,69785.27104131147,7625.540116387409,1029.2685372290757,6596.271579158333,0.0,819.3202403429307
2025-10-27,1452.3558256018523,1264.6130865,42094.890427841085,43699.953670591334,124.2721790578035,926.8038004329275,1051.075979490731,1370.3662119046803,46121.39586198675,68050.442668786,70472.77339391882,3518.498009988779,2970.4143675608,548.0836424279789,282.00404094797364,3236.415940853908
2025-10-28,1264.6130865,1284.9354685370372,42248.84913226034,44276.62563752608,10.820514248888923,1024.7087668817571,1035.529281130646,101.72142098245683,45413.87633963918,68186.6168359362,71401.28248513342,3277.402360308337,3246.034004752781,31.368355555555656,36.71695971666541,1289.3803431069966
2025-10-29,1284.9354685370372,1278.413886212963,47248.55194201361,46634.84453623659,614.2855241066228,307.4318212181166,921.7173453247394,1523.6170145545846,49080.17889611591,76662.3304940206,75358.90547712619,2499.5176726666314,598.0463278861116,1901.47134478052,284.18328799166625,2004.790511882716
2025-10-30,1278.413886212963,1409.156166,42031.676047255794,43525.7618186103,125.67729985734128,872.7201855345934,998.3974853919347,72.04115632644799,44596.200460328684,68001.70486851851,70033.23817738339,2746.419992541149,2388.976650703017,357.4433418381317,29.633123716667672,906.5679374417001
2025-10-31,1409.156166,1500.5173604444449,18064.017383872648,17521.942797307824,315.3343954467503,44.29710216433879,359.6314976110891,672.0663678447372,18553.64066276365,33858.11810561728,33139.695596808946,877.9895045249971,79.78349785832984,798.2060066666673,143.32063094999904,6024.647013888893
2025-11-01,1500.5173604444449,1445.574169018523,17415.888247187162,17638.279112219818,24.207507450278708,135.40293996660606,159.61044741688477,0.0,17797.889559636704,32996.01889534979,33208.29989269979,338.74131401667097,275.51115568333614,63.2301583333348,0.0,7510.847157407407
2025-11-02,1445.574169018523,1321.4034354629628,46049.87046314598,46991.55577642556,521.9560147785535,992.7986714183461,1514.7546861968995,1226.1795455791112,49732.49000820157,73967.01526771947,75486.81840029877,4250.6643004187945,2885.233716499043,1365.4305839197516,177.71881576666823,2719.5275911659846
2025-11-03,1321.4034354629628,1357.0879888796296,48985.274881637626,46916.88331952221,1140.8831081633186,106.68732710561098,1247.5704352689297,0.0,48164.45375479114,79133.21594059671,75943.78236004165,3527.2024272217154,168.8844233333331,3358.3180038883825,0.0,2075.4517165226343
2025-11-04,1357.0879888796296,1295.6711451944439,45412.459418277256,45780.168053122485,294.7970345281349,478.65135195074663,773.4483864788815,1205.7419667674897,47759.35840636886,73301.7675906893,73317.26610927984,2347.852611491768,1181.6755650411546,1166.1770464506137,197.11150250833663,1854.9467246604986
2025-11-05,1295.6711451944439,1458.5254745555535,50868.33059381244,46702.794301972936,2141.6610268469203,58.89288092716757,2200.5539077740877,718.2478121689416,49621.59602191597,81643.05550863512,75397.43249013311,6428.505965251998,91.44147337499817,6337.064491876999,145.004538933335,1254.7232312448532
2025-11-06,1458.5254745555535,1448.564388,47466.30079502244,48508.32388793659,153.60641145153897,674.6179579086113,828.2243693601503,170.98374744240311,49507.53200473914,76643.54278104939,77741.14073061556,2112.864341822704,1605.2311456944446,507.63319612825927,68.63178936666758,2186.6069959259266
2025-11-07,1448.564388,1513.7200309259272,17620.844149207223,18155.214145995164,9.462155503570101e-14,267.184998393972,267.18499839397214,0.0,18422.399144389135,33789.435521440326,34329.04228727922,539.6067658388884,539.6067658388882,1.5158245029548803e-13,0.0,7478.347548638548
2025-11-08,1513.7200309259272,1439.9028224722206,17946.431454723577,18085.100088911742,6.489585757663007e-13,69.33431709408411,69.33431709408477,0.0,18154.434406005825,34113.56682381343,34269.4945304801,155.92770666666902,155.92770666666803,9.852859269206722e-13,0.0,7272.579244080932
2025-11-09,1439.9028224722206,1379.193107953704,48943.366793098714,48077.29193487316,641.2798529120001,208.2424237992225,849.5222767112226,215.84595398036942,49142.66016556475,78541.25790107746,76955.35238531379,2441.8042448303504,427.94936453333554,2013.8548802970147,41.725673075000444,1383.2709754286716
2025-11-10,1379.193107953704,1321.1728497129627,49696.459275244444,50290.56117573342,572.658833182008,869.7097834264955,1442.3686166085035,499.2524080010362,52232.182200342955,79486.86005372516,80467.06003941837,4172.255839829009,2576.227912761109,1596.0279270679005,95.58362516666236,2444.2099924931435
2025-11-11,1321.1728497129627,1283.323956324073,51773.61981583609,48799.30375040101,1527.4942076752152,40.336174957676484,1567.8303826328918,8.985274166666958,50376.119407200575,82234.56714579902,77989.18739551847,4370.637649380555,62.628949549998424,4308.008699830556,2.0516666666667334,2205.9515137619965
2025-11-12,1283.323956324073,1548.9418526666666,49171.76380084731,49379.82667451902,633.6533429308702,737.6847797667276,1371.3381226975978,0.0,50751.16479721662,78753.33484375378,78477.04928721525,4148.644651966298,1936.179547713889,2212.465104252409,0.0,3086.512233741425
2025-11-13,1548.9418526666666,1587.9251535092594,47756.6340243678,48734.88348631883,371.09837360839646,860.2231045839094,1231.321478192306,9.417338133333372,49975.622302644464,76226.0076261111,77028.76560873611,3733.614533564649,2268.1862580948264,1465.428275469822,2.010533333333342,456.17979691015967
2025-11-14,1587.9251535092594,1536.6642955555553,18243.153164477255,18336.52889006486,0.2275700525009413,46.91543284630431,47.14300289880526,12.871237338338133,18396.543130302005,34370.9663381893,34461.38327515318,91.67823696389371,91.04758696389149,0.6306500000022173,2.105551666667452,3541.262441944439
2025-11-15,1536.6642955555553,1264.9227147962958,19745.582344492825,19214.80239852952,270.0543643342918,4.664391352638556,274.71875568693036,114.63413947750249,19604.15529369395,37519.343043292174,36634.1925855144,900.4110216666663,7.630281944443785,892.7807397222225,18.75251750000041,5254.4053563065845
2025-11-16,1264.9227147962958,1341.48860511111,49260.978233037255,50803.5886633885,212.67378720496106,983.9790023805866,1196.6527895855477,0.0,52000.24145297405,78802.2946501569,80358.38738925925,3098.298758368488,2327.1957487354284,771.1030096330596,0.0,1540.688271999314
2025-11-17,1341.48860511111,1482.4509573240748,47298.54562307619,50516.45897406073,69.53481343835821,1678.49148893063,1748.0263023689884,0.0,52264.485276429725,75441.24999221193,80053.52423414608,5101.7836642386865,4857.028953086422,244.754711152264,0.0,3066.0670431790168
2025-11-18,1482.4509573240748,1305.3046268796288,49570.2179897598,50058.175526226885,55.480092715000026,299.4588609485441,354.9389536635441,0.0,50413.11447989043,79209.82798596533,79847.12833509032,970.985843569442,804.1430963472196,166.84274722222227,0.0,574.1070928578152
2025-11-19,1305.3046268796288,1200.0,49154.86558693114,52009.77605468753,138.06134190380828,1565.516575782,1703.5779176858082,335.4296933230326,54048.78366569637,78646.96657678168,82281.62222282578,4600.943978184014,4117.799812114056,483.1441660699576,74.7811211583298,2815.3863434122113
2025-11-20,1200.0,1475.900571657407,49008.854522791924,50825.67603752047,89.70956367967534,998.1203210439469,1087.8298847236222,259.45159437611915,52172.95751662021,78680.57203449094,80933.36517409584,2874.1559422249293,2563.4745409149145,310.68140131001525,55.1106114166654,1425.959505144032
2025-11-21,1475.900571657407,1607.8728119722216,18669.483949391193,19244.700132253376,1.6545717092715977e-12,287.60809143109384,287.6080914310955,0.0,19532.30822368447,35217.27393698559,35989.2169845217,771.9430475361132,771.9430475361107,2.5011104298755527e-12,0.0,3567.51133256516
2025-11-22,1607.8728119722216,1200.0,20098.342913848952,20019.911177906975,115.21196710052773,75.99609912954045,191.2080662300682,99.05001290098045,20310.169257038026,38513.29603606995,38113.69320761718,652.0572248805579,126.22719821389133,525.8300266666665,46.634807766665304,4806.255642314809
2025-11-23,1200.0,1313.1278614537039,49328.83150163287,51196.588833176575,121.22733045457065,1055.1059962264271,1176.3333266809977,86.79879917832349,52459.7209590359,78895.25217178333,81081.43509365946,3039.596019057195,2612.889470466661,426.70654859053377,18.52498114999968,1414.2816006893045
2025-11-24,1313.1278614537039,1204.598775,48840.62058657348,49856.23340266947,105.10624513534137,612.9126531833372,718.0188983186786,1041.7721977476613,51616.02449873582,78017.976541182,79251.20435383837,1973.1521008319617,1603.1899567441717,369.96214408778985,205.49826334166553,1013.1184178703732
2025-11-25,1204.598775,1347.3304785462963,56794.11138073703,52098.957517500196,2347.576931618414,0.0,2347.576931618414,0.0,54446.53444911861,89335.2525675,82337.57872634924,6997.673841150754,0.0,6997.673841150754,0.0,1749.2689253429367
2025-11-26,1347.3304785462963,1597.2439179166677,52849.90864870649,52722.36966789937,683.4698614569875,619.7003710534304,1303.170232510418,0.0,54025.53990040979,84213.07030015088,83580.6252723354,3622.3797950377157,1494.96738361111,2127.412411426605,0.0,2137.2704782613187
2025-11-27,1597.2439179166677,1726.2537245555543,51155.390189094986,51997.60970005968,261.48834494029416,682.5981004226437,944.0864453629379,0.0,52941.69614542261,81510.28901636772,82289.77205435962,2695.6724298849126,1737.5777339384067,958.094695946506,0.0,2011.798641296295
2025-11-28,1726.2537245555543,1590.4786649166663,19096.457045582956,19461.194142991553,1.8941742988924184e-13,182.3685487042982,182.3685487042984,459.57456059249773,20103.137252288347,36065.52710473937,36714.67426755326,649.1471628138906,649.1471628138903,3.0316490059097606e-13,75.17987249999965,2418.528798391626
2025-11-29,1590.4786649166663,1200.0,23671.806830047346,21064.216064430933,1303.7953828082068,9.393185488685654e-14,1303.7953828082068,146.72594857321366,22514.737395812353,45685.2576861214,39996.59117802812,5688.66650809328,1.5158245029548803e-13,5688.66650809328,68.63818584166722,2062.5282467112547
2025-11-30,1200.0,1221.4682452685186,53162.48485430647,54630.55506357015,104.48762674103685,838.5227313728782,943.010358113915,11.741559552846931,55585.30698123691,84868.2120387517,86487.70021493683,2441.68970001228,2030.5889380987003,411.1007619135795,5.542392991667185,1564.3807333539098
2025-12-01,1221.4682452685186,1200.0,56251.705839554015,56496.659159808696,544.1744050338423,666.6510651611816,1210.8254701950239,13910.090011083974,71617.5746410877,88294.11644974281,87936.97927848826,3003.618933519138,1323.240881132305,1680.378052386833,2953.0162813676934,3.265469722222633
2025-12-02,1200.0,1226.439375,59594.859104372605,59342.55164280979,815.3267909780598,689.1730601966566,1504.4998511747162,7901.984748076473,68749.03624206097,93475.00089249999,92511.04816491409,4018.2041495569583,1527.1257109855246,2491.0784385714333,1606.9662515333353,676.4650710699559
2025-12-03,1226.439375,1391.1006680987628,54301.4872356835,59504.06001841071,3.8353859830555495,2605.1217773466637,2608.957163329719,783.0022567626332,62896.01943850306,85815.66323166667,93162.8045396982,7369.378652475993,7358.259980253771,11.118672222222205,157.40027080075208,1261.8418725788702
2025-12-04,1391.1006680987628,1561.7434779907408,61112.93597656397,59588.241419659185,1500.4771249599862,738.1298465075994,2238.6069714675855,1724.2029516416937,63551.051342768464,95217.81163266803,92918.88671807165,5279.95670986862,1490.5158976361101,3789.44081223251,328.5808550666689,1554.3783660082313
2025-12-05,1561.7434779907408,1281.46802775,21517.5580143019,23140.09036960658,158.81638319617846,970.0825608485177,1128.8989440446962,6965.599578046745,31234.588891698022,41282.05587444788,43868.82192394948,3992.693548349338,3289.729798925473,702.963749423865,1376.2821559249953,216.12043564815156
2025-12-06,1281.46802775,1200.0,24127.93484700813,24807.235423971382,6.039690127916975,345.68997860954124,351.7296687374582,3372.389628430053,28531.354721138894,46230.603777119344,47208.339634397285,1034.897896166835,1006.3168767223902,28.581019444444866,759.5270026999971,368.818988974625
2025-12-07,1200.0,1326.0282201481482,64256.54289894197,60470.1400906519,1928.8059988902955,35.604594745261565,1964.410593635557,1012.0174677683337,63446.568152055785,100043.61058,94490.26642106276,5669.3479876594665,58.00191436111163,5611.346073298356,145.77551833333337,2194.5449928875228
2025-12-08,1326.0282201481482,1578.3104955092608,63821.628110878606,62397.043005097155,780.341340851017,68.04878796028969,848.3901288113067,0.0,63245.43313390846,99399.46919282922,96679.86993679218,3046.217879148153,163.30931155555683,2882.9085675925962,0.0,4161.640047793547
2025-12-09,1578.3104955092608,1403.6410799629625,62866.95777063152,60490.51287271293,1304.9864037148209,116.76395475552695,1421.750358470348,884.3600050062497,62796.62323618953,97936.46514627572,94263.83532225632,4170.428927763858,248.89955187222228,3921.529375891636,153.44762504722297,2554.044062808635
2025-12-10,1403.6410799629625,1413.1217354907405,60303.00614184602,61382.79691825207,162.88500765760972,702.7803958606364,865.6654035182462,0.0,62248.46232177032,94334.4037092078,95885.53761095712,2409.2984983062443,1980.2162000277785,429.08229827846617,0.0,2827.675492198213
2025-12-11,1413.1217354907405,1705.137529611115,62134.94578236721,59697.95792514999,1266.2411369103947,47.747208301787026,1313.9883452121817,0.0,61011.94627036217,97071.55478751028,93656.02652722222,3564.080671732513,74.27620572222364,3489.8044660102896,0.0,2795.8503069547314
2025-12-12,1705.137529611115,1484.4464352037035,23927.130244598928,25795.780222959755,26.048873061579187,960.3738622419943,986.4227353035735,152.26556421117706,26934.468522474508,46299.3644980041,49535.11787744659,3443.0457261542233,3339.399552798354,103.64617335586937,63.959787643248816,2078.026212170782
2025-12-13,1484.4464352037035,1335.2062036574057,25669.38161347401,25652.765613515858,316.3423246767335,308.03432469765977,624.3766493743933,0.0,26277.14226289025,49440.44344032921,49164.67560166022,1967.5785029351173,845.9053321330595,1121.673170802058,0.0,1563.1615094581634
2025-12-14,1335.2062036574057,1294.3977043055545,59061.12161318204,61654.97651429466,0.0,1296.9274505563112,1296.9274505563112,0.0,62951.90396485097,92714.78265232511,96440.26047246398,3725.4778201388863,3725.4778201388863,0.0,0.0,2993.6793681879235
2025-12-15,1294.3977043055545,1488.223903583333,59080.446754868,62004.52178401612,0.0,1462.0375145740638,1462.0375145740638,0.0,63466.55929859018,92690.41484354937,96781.39309288992,4090.9782493405387,4090.9782493405387,0.0,0.0,2476.7051380853927
2025-12-16,1488.223903583333,1282.6596365740736,62754.52674406522,61318.54336786739,777.9064621365784,59.91477403766636,837.8212361742447,182.64056570298803,62339.00516974462,97391.19253433129,95446.45075740397,2166.668116927297,110.96316999999983,2055.7049469272974,35.50035237499833,1623.0474867078174
2025-12-17,1282.6596365740736,1476.9453653148148,63054.03583888126,60252.58411366786,1421.738278052952,21.0124154462503,1442.7506934992023,0.0,61695.33480716706,98230.03509936214,94477.82370394033,3854.422445421813,51.1055250000004,3803.3169204218125,0.0,1364.9353746124839
2025-12-18,1476.9453653148148,1667.230033898147,60168.67083977281,60715.699504678894,49.537358583224375,323.05169103626986,372.58904961949423,0.0,61088.28855429839,93779.98596076132,94507.27553042455,1076.021414670097,901.6554921666675,174.36592250342966,0.0,2279.7033821392242
2025-12-19,1667.230033898147,1421.8255133611106,24906.328653787023,25534.17755602725,371.2108522748764,685.1353033949906,1056.3461556698671,0.0,26590.523711697115,47406.14512369341,48479.09466288875,4148.292098125383,2610.620818660359,1537.6712794650234,0.0,1911.6478586316862
2025-12-20,1421.8255133611106,1340.5564043333313,26509.314226716306,25336.692771366317,605.9436670930852,19.63293941809043,625.5766065111757,0.0,25962.269377877492,50314.70060430041,48256.120594746026,2122.8134118710605,32.11670115833537,2090.696710712725,0.0,1480.526857993823
2025-12-21,1340.5564043333313,1441.8142549629629,61627.870481930106,61563.539609678344,346.0757572931212,313.9103211672365,659.9860784603577,773.6806803733275,62997.20636851202,96403.16154023663,96104.92879425376,1917.9519315726998,809.8595927949239,1108.0923387777757,110.9060608333325,2421.4143977469103
2025-12-22,1441.8142549629629,1377.9991899907407,60673.03002164778,60907.16519291497,61.157098073216865,178.2246837068103,239.38178178002718,997.8282973922273,62144.375272087214,94410.77889631686,94766.54706244369,727.2945365369696,541.5313513318958,185.7631852050737,153.202173966668,1386.4927095336136
2025-12-23,1377.9991899907407,1405.7057710925924,62001.276738318404,60017.386054775285,1102.7851514635272,110.83980969197013,1213.6249611554974,0.0,61231.01101593078,96645.06133556583,93770.76553645846,3250.8582961573775,188.28124852499914,3062.5770476323783,0.0,1792.205087181072
2025-12-24,1405.7057710925924,1435.8420839166672,61481.12659004046,60474.427891708656,622.4209063026651,119.07155713676033,741.4924634394255,89.29247316249968,61305.212828310585,95415.20318865225,93965.24179850222,2089.9544971407777,319.9965534953691,1769.9579436454082,15.372724999999946,1445.9184943449827
2025-12-25,1435.8420839166672,1675.0862772037026,58611.00976960491,60404.7462835079,0.0,896.8682569514931,896.8682569514931,0.0,61301.61454045939,91985.8966250926,94622.86064343895,2636.964018346367,2636.964018346367,0.0,0.0,1824.277628916324
2025-12-26,1675.0862772037026,1875.094004953703,24765.472772050103,25182.69105435753,39.187877235396755,247.7970183891106,286.9848956245074,0.0,25469.675949982036,47380.272423580245,47936.875993792855,901.0366814883487,728.8201258504846,172.21655563786408,0.0,785.2345484430695
2025-12-27,1875.094004953703,1518.4646808796306,25348.35096403582,25516.70987285599,160.17692032590432,244.35637473598754,404.53329506189186,0.0,25921.24316791788,48629.97679434383,48571.14600243281,1360.1409097556655,650.6550589223255,709.48585083334,0.0,1676.1016586591224
2025-12-28,1518.4646808796306,1676.457310611111,60469.48446257446,59847.892025051755,467.6847241200081,156.88850535865407,624.5732294786621,24.57555081777777,60497.040805348195,94194.14482124484,93433.19818361152,1384.135772633339,311.5945675000024,1072.5412051333365,4.4031691666666575,1918.2588649142629
2025-12-29,1676.457310611111,1245.9053136759258,58905.390125418045,60489.56784198959,7.199967437069669e-13,792.0888582857722,792.0888582857729,383.5997159128283,61665.2564161882,92596.32671154321,94948.1975344067,2351.870822863518,2351.870822863517,1.1179205709292242e-12,101.86658476666722,3336.106078631685
2025-12-30,1245.9053136759258,1359.2879039074087,59938.073245405336,59291.73205636106,526.4191738156902,203.2485792935567,729.6677531092469,0.0,60021.399809470306,93877.06777424896,92759.14257260175,1967.592068313892,424.8334333333358,1542.758634980556,0.0,1769.5938201646022
2025-12-31,1359.2879039074087,1200.0,60945.8611874815,60861.83476120242,198.32962221536377,156.31640907581885,354.6460312911826,247.22560532938115,61463.70639782299,95497.12698760287,95061.7798856629,1210.0653704399872,387.35913425000365,822.7062361899835,90.98927769166517,1939.9755140579582
